code	scale	reference	width	unit	name
000001	0	0	24	CCITT IA5	Table A: entry
000002	0	0	256	CCITT IA5	Table A: data category description, line 1
000003	0	0	256	CCITT IA5	Table A: data category description, line 2
000004	0	0	16	CCITT IA5	BUFR/CREX Master table
000005	0	0	24	CCITT IA5	BUFR/CREX edition number
000006	0	0	16	CCITT IA5	BUFR Master table version number
000007	0	0	16	CCITT IA5	CREX Master table version number
000008	0	0	16	CCITT IA5	BUFR Local table version number
000010	0	0	8	CCITT IA5	F descriptor to be added or defined
000011	0	0	16	CCITT IA5	X descriptor to be added or defined
000012	0	0	24	CCITT IA5	Y descriptor to be added or defined
000013	0	0	256	CCITT IA5	Element name, line 1
000014	0	0	256	CCITT IA5	Element name, line 2
000015	0	0	192	CCITT IA5	Units name
000016	0	0	8	CCITT IA5	Units scale sign
000017	0	0	24	CCITT IA5	Units scale
000018	0	0	8	CCITT IA5	Units reference sign
000019	0	0	80	CCITT IA5	Units reference value
000020	0	0	24	CCITT IA5	Element data width
000024	0	0	64	CCITT IA5	Code figure
000025	0	0	496	CCITT IA5	Code figure meaning
000026	0	0	48	CCITT IA5	Bit number
000027	0	0	496	CCITT IA5	Bit number meaning
000030	0	0	48	CCITT IA5	Descriptor defining sequence
001001	0	0	7	Numeric	WMO block number
001002	0	0	10	Numeric	WMO station number
001003	0	0	3	Code table	WMO Region number/geographical area
001004	0	0	3	Numeric	WMO Region sub-area
001005	0	0	17	Numeric	Buoy/platform identifier
001006	0	0	64	CCITT IA5	Aircraft flight number
001007	0	0	10	Code table	Satellite identifier
001008	0	0	64	CCITT IA5	Aircraft registration number or other identification
001009	0	0	64	CCITT IA5	Type of commercial aircraft
001010	0	0	64	CCITT IA5	Stationary buoy platform identifier; e.g. C-MAN buoys
001011	0	0	72	CCITT IA5	Ship or mobile land station identifier
001012	0	0	9	degree true	Direction of motion of moving observing platform
001013	0	0	10	m/s	Speed of motion of moving observing platform
001014	2	0	10	m/s	Platform drift speed (high precision)
001015	0	0	160	CCITT IA5	Station or site name
001016	0	0	16	Numeric	Satellite sub-identifier
001018	0	0	40	CCITT IA5	Short station or site name
001019	0	0	256	CCITT IA5	Long station or site name
001020	0	0	4	Numeric	WMO Region sub-area
001021	0	0	14	Numeric	Synoptic feature identifier
001022	0	0	224	CCITT IA5	Name of feature
001023	0	0	9	Numeric	Observation sequence number
001024	0	0	5	Code table	Wind speed source
001025	0	0	24	CCITT IA5	Storm identifier
001026	0	0	64	CCITT IA5	WMO storm name
001027	0	0	80	CCITT IA5	WMO long storm name
001028	0	0	5	Code table	Aerosol optical depth (AOD) source
001029	0	0	5	Code table	SSI source
001030	0	0	128	CCITT IA5	Numerical model identifier
001031	0	0	16	Code table	Identification of originating/generating centre
001032	0	0	8	Code table defined by originating/generating centre	Generating application
001033	0	0	8	Common Code table C-1	Identification of originating/generating centre
001034	0	0	8	Common Code table C-12	Identification of originating/generating sub-centre
001035	0	0	16	Common Code table C-11	Originating centre
001036	0	0	20	Code table	Agency in charge of operating the observing platform
001037	0	0	24	CCITT IA5	SIGMET sequence identifier
001038	0	0	5	Code table	Source of sea ice fraction
001039	0	0	40	CCITT IA5	Graphical Area Forecast (GFA) sequence identifier
001040	0	0	48	CCITT IA5	Processing centre ID code
001041	5	-1073741824	31	m/s	Absolute platform velocity - first component
001042	5	-1073741824	31	m/s	Absolute platform velocity - second component
001043	5	-1073741824	31	m/s	Absolute platform velocity - third component
001044	0	0	8	Code table	Standard generating application
001050	0	0	17	Numeric	Platform transmitter ID number
001051	0	0	96	CCITT IA5	Platform transmitter ID number
001052	0	0	3	Code table	Platform transmitter ID
001053	0	0	7	Numeric	Tsunameter report sequence number triggered by a tsunami event
001060	0	0	64	CCITT IA5	Aircraft reporting point (Beacon identifier)
001062	0	0	32	CCITT IA5	Short ICAO location indicator
001063	0	0	64	CCITT IA5	ICAO location indicator
001064	0	0	32	CCITT IA5	Runway designator
001065	0	0	256	CCITT IA5	ICAO region identifier
001075	0	0	40	CCITT IA5	Tide station identification
001079	0	0	64	CCITT IA5	Unique identifier for the profile
001080	0	0	32	CCITT IA5	Ship line number according to SOOP
001081	0	0	160	CCITT IA5	Radiosonde serial number
001082	0	0	14	Numeric	Radiosonde ascension number
001083	0	0	3	Numeric	Radiosonde release number
001085	0	0	160	CCITT IA5	Observing platform manufacturer's model
001086	0	0	256	CCITT IA5	Observing platform manufacturer's serial number
001087	0	0	23	Numeric	WMO marine observing platform extended identifier
001090	0	0	8	Code table	Technique for making up initial perturbations
001091	0	0	10	Numeric	Ensemble member number
001092	0	0	8	Code table	Type of ensemble forecast
001093	0	0	96	CCITT IA5	Balloon lot number
001094	0	0	17	Numeric	WBAN number
001095	0	0	32	CCITT IA5	Observer identification
001096	0	0	160	CCITT IA5	Station acquisition
001099	0	0	248	CCITT IA5	Unique product definition
001101	0	0	10	Code table	State identifier
001102	0	0	30	Numeric	National station number
001103	0	0	24	Numeric	IMO Number. Unique Lloyd's register
001104	0	0	32	CCITT IA5	State/federal state identifier
001105	0	0	40	CCITT IA5	Highway designator
001106	-2	0	14	m	Location along highway as indicated by position markers
001110	0	0	48	CCITT IA5	Aircraft tail number
001111	0	0	24	CCITT IA5	Origination airport
001112	0	0	24	CCITT IA5	Destination airport
001113	1	0	9	Numeric	Template version number defined by originating centre
001114	0	0	352	CCITT IA5	Encrypted ship or mobile land station identifier (base64 encoding)
001115	0	0	160	CCITT IA5	Identifier of the cruise or mission under which the data were collected
001124	0	0	24	Numeric	Grid point identifier
001125	0	0	4	Numeric	WIGOS identifier series
001126	0	0	16	Numeric	WIGOS issuer of identifier
001127	0	0	16	Numeric	WIGOS issue number
001128	0	0	128	CCITT IA5	WIGOS local identifier (character)
001130	0	0	32	CCITT IA5	Storm identifier (long)
001144	0	0	31	Numeric	Snapshot identifier
001145	0	-8	20	Numeric	Light source identifier
001150	0	0	16	Code table	Coordinate reference system
001151	0	0	12	Code table	Fixed mean sea-level reference datum
001152	2	0	31	m	Semi-major axis of rotation ellipsoid
001153	2	0	31	m	Semi-minor axis of rotation ellipsoid
001154	0	0	12	Numeric	Sensor identifier
001155	0	0	8	Code table	Retrieval identifier
001156	0	0	64	CCITT IA5	Balloon flight number
001157	0	0	80	CCITT IA5	Balloon registration number or other identification
001158	0	0	4	Code table	Type of balloon envelope
001159	1	0	12	m	Typical size of balloon envelope
002001	0	0	2	Code table	Type of station
002002	0	0	4	Flag table	Type of instrumentation for wind measurement
002003	0	0	4	Code table	Type of measuring equipment used
002004	0	0	4	Code table	Type of instrumentation for evaporation measurement or type of crop for which evapotranspiration is reported
002005	2	0	7	K	Precision of temperature observation
002006	0	0	6	Code table	Upper air remote sensing instrument type
002007	0	0	6	Code table	Type of sensor for water level measuring instrument
002008	0	0	4	Code table	Type of offshore platform
002009	0	0	4	Code table	MODIS aerosol algorithm
002011	0	0	8	Code table	Radiosonde type
002012	0	0	4	Code table	Radiosonde computational method
002013	0	0	4	Code table	Solar and infrared radiation correction
002014	0	0	7	Code table	Tracking technique/status of system used
002015	0	0	4	Code table	Radiosonde completeness
002016	0	0	5	Flag table	Radiosonde configuration
002017	0	0	5	Code table	Correction algorithms for humidity measurements
002019	0	0	11	Code table	Satellite instruments
002020	0	0	9	Code table	Satellite classification
002021	0	0	9	Flag table	Satellite instrument data used in processing
002022	0	0	8	Flag table	Satellite data-processing technique used
002023	0	0	4	Code table	Satellite-derived wind computation method
002024	0	0	4	Code table	Integrated mean humidity computational method
002025	0	0	25	Flag table	Satellite channel(s) used in computation
002026	2	0	12	m	Cross-track resolution
002027	2	0	12	m	Along-track resolution
002028	0	0	18	m	Segment size at nadir in x-direction
002029	0	0	18	m	Segment size at nadir in y-direction
002030	0	0	3	Code table	Method of current measurement
002031	0	0	5	Code table	Duration and time of current measurement
002032	0	0	2	Code table	Indicator for digitization
002033	0	0	3	Code table	Method of salinity/depth measurement
002034	0	0	5	Code table	Drogue type
002035	0	0	9	m	Cable length
002036	0	0	2	Code table	Buoy type
002037	0	0	3	Code table	Method of tidal observation
002038	0	0	4	Code table	Method of water temperature and/or salinity measurement
002039	0	0	3	Code table	Method of wet-bulb temperature measurement
002040	0	0	4	Code table	Method of removing velocity and motion of platform from current
002041	0	0	6	Code table	Method for estimating reports related to synoptic features
002042	0	0	2	Code table	Indicator for sea-surface current speed
002044	0	0	4	Code table	Indicator for method of calculating spectral wave data
002045	0	0	4	Code table	Indicator for type of platform
002046	0	0	4	Code table	Wave measurement instrumentation
002047	0	0	7	Code table	Deep-ocean tsunameter type
002048	0	0	4	Code table	Satellite sensor indicator
002049	0	0	8	Flag table	Geostationary satellite data-processing technique used
002050	0	0	20	Flag table	Geostationary sounder satellite channels used
002051	0	0	4	Code table	Indicator to specify observing method for extreme temperatures
002052	0	0	6	Flag table	Geostationary imager satellite channels used
002053	0	0	4	Code table	GOES-I/M brightness temperature characteristics
002054	0	0	4	Code table	GOES-I/M soundings parameter characteristics
002055	0	0	4	Code table	Geostationary soundings statistical parameters
002056	0	0	4	Code table	Geostationary soundings accuracy statistics
002057	0	0	4	Code table	Origin of first-guess information for GOES-I/M soundings
002058	0	0	4	Code table	Valid times of first-guess information for GOES-I/M soundings
002059	0	0	4	Code table	Origin of analysis information for GOES-I/M soundings
002060	0	0	4	Code table	Origin of surface information for GOES-I/M soundings
002061	0	0	3	Code table	Aircraft navigational system
002062	0	0	4	Code table	Type of aircraft data relay system
002063	2	-18000	16	deg	Aircraft roll angle
002064	0	0	2	Code table	Aircraft roll angle quality
002065	0	0	40	CCITT IA5	ACARS ground-receiving station
002066	0	0	6	Code table	Radiosonde ground receiving system
002067	-5	0	15	Hz	Radiosonde operating frequency
002070	0	0	4	Code table	Original specification of latitude/longitude
002071	13	0	30	m	Spectrographic wavelength
002072	13	0	30	m	Spectrographic width
002080	0	0	6	Code table	Balloon manufacturer
002081	0	0	5	Code table	Type of balloon
002082	3	0	12	kg	Weight of balloon
002083	0	0	4	Code table	Type of balloon shelter
002084	0	0	4	Code table	Type of gas used in balloon
002085	3	0	13	kg	Amount of gas used in balloon
002086	1	0	10	m	Balloon flight train length
002087	4	0	15	m2	Parachute surface area
002088	3	0	13	m3	Volume of gas used in balloon
002090	9	0	16	m	Instrument wavelength
002091	4	0	10	A	Entry sensor 4/20 mA
002092	0	0	3	Code table	Ozone profile computation method
002093	2	0	14	Pa	Precision of pressure observation
002094	6	0	14	kg/kg	Precision of mixing ratio observation
002095	0	0	5	Code table	Type of pressure sensor
002096	0	0	5	Code table	Type of temperature sensor
002097	0	0	5	Code table	Type of humidity sensor
002099	0	0	3	Code table	Polarization
002100	1	0	12	dB	Radar constant
002101	0	0	4	Code table	Type of antenna
002102	0	0	8	m	Antenna height above tower base
002103	0	0	2	Flag table	Radome
002104	0	0	4	Code table	Antenna polarization
002105	0	0	6	dB	Maximum antenna gain
002106	1	0	6	deg	3-dB beamwidth
002107	0	0	6	dB	Sidelobe suppression
002108	0	0	6	dB	Crosspol discrimination (on axis)
002109	2	0	12	deg/s	Antenna speed (azimuth)
002110	2	0	12	deg/s	Antenna speed (elevation)
002111	1	0	10	deg	Radar incidence angle
002112	1	0	12	deg	Radar look angle
002113	0	0	4	Numeric	Number of azimuth looks
002114	0	0	15	m2	Antenna effective surface area
002115	0	0	5	Code table	Type of surface observing equipment
002116	0	0	7	%	Percentage of 320 MHz band processed
002117	0	0	7	%	Percentage of 80 MHz band processed
002118	0	0	7	%	Percentage of 20 MHz band processed
002119	0	0	3	Code table	RA-2 instrument operations
002120	3	0	10	Hz	Ocean wave frequency
002121	-8	0	7	Hz	Mean frequency
002122	-6	-128	8	Hz	Frequency agility range
002123	-4	0	7	W	Peak power
002124	-1	0	7	W	Average power
002125	-1	0	8	Hz	Pulse repetition frequency
002126	7	0	6	s	Pulse width
002127	-6	0	7	Hz	Receiver intermediate frequency
002128	-5	0	6	Hz	Intermediate frequency bandwidth
002129	0	-150	5	dB	Minimum detectable signal
002130	0	0	7	dB	Dynamic range
002131	0	0	2	Flag table	Sensitivity time control (STC)
002132	2	0	6	deg	Azimuth pointing accuracy
002133	2	0	6	deg	Elevation pointing accuracy
002134	2	0	16	deg	Antenna beam azimuth
002135	2	-9000	15	deg	Antenna elevation
002136	-3	0	16	m	Range processed by range attenuation correction
002137	0	0	4	Code table	Radar dual PRF ratio
002138	0	0	2	Code table	Antenna rotation direction
002139	0	0	2	Code table	SIRAL instrument configuration
002140	0	0	9	deg	Satellite radar beam azimuth angle
002141	0	0	24	CCITT IA5	Measurement type
002142	0	0	32	CCITT IA5	Ozone instrument serial number/identification
002143	0	0	7	Code table	Ozone instrument type
002144	0	0	4	Code table	Light source type for Brewer spectrophotometer
002145	0	0	4	Code table	Wavelength setting for Dobson instruments
002146	0	0	4	Code table	Source conditions for Dobson instruments
002147	0	0	6	Code table	Method of transmission to collection centre
002148	0	0	5	Code table	Data collection and/or location system
002149	0	0	6	Code table	Type of data buoy
002150	0	0	6	Code table	TOVS/ATOVS/AVHRR instrumentation channel number
002151	0	0	11	Code table	Radiometer identifier
002152	0	0	31	Flag table	Satellite instrument used in data processing
002153	-8	0	26	Hz	Satellite channel centre frequency
002154	-8	0	26	Hz	Satellite channel band width
002155	9	0	16	m	Satellite channel wavelength
002156	0	0	7	%	Percentage of valid KU ocean retracker measurements
002157	0	0	7	%	Percentage of valid S ocean retracker measurements
002158	0	0	9	Flag table	RA-2 instrument
002159	0	0	8	Flag table	MWR instrument
002160	0	0	4	Code table	Wavelength of the radar
002161	0	0	16	Flag table	Wind processing method
002162	0	0	6	Code table	Extended height assignment method
002163	0	0	4	Code table	Height assignment method
002164	0	0	3	Code table	Tracer correlation method
002165	0	0	15	Flag table	Radiance type flags
002166	0	0	4	Code table	Radiance type
002167	0	0	4	Code table	Radiance computational method
002168	-3	0	16	Pa	Hydrostatic pressure of lower end of cable (thermistor string)
002169	0	0	4	Code table	Anemometer type
002170	0	0	6	Code table	Aircraft humidity sensors
002171	0	0	64	CCITT IA5	Instrument serial number for water temperature profile measurement
002172	0	0	8	Code table	Product type for retrieved atmospheric gases
002173	4	0	10	deg2	Square of the off-nadir angle
002174	0	0	9	Numeric	Mean across track pixel number
002175	0	0	4	Code table	Method of precipitation measurement
002176	0	0	4	Code table	Method of state of ground measurement
002177	0	0	4	Code table	Method of snow depth measurement
002178	0	0	4	Code table	Method of liquid content measurement of precipitation
002179	0	0	4	Code table	Type of sky condition algorithm
002180	0	0	4	Code table	Main present weather detecting system
002181	0	0	21	Flag table	Supplementary present weather sensor
002182	0	0	4	Code table	Visibility measurement system
002183	0	0	4	Code table	Cloud detection system
002184	0	0	4	Code table	Type of lightning detection sensor
002185	0	0	4	Code table	Method of evaporation measurement
002186	0	0	30	Flag table	Capability to detect precipitation phenomena
002187	0	0	18	Flag table	Capability to detect other weather phenomena
002188	0	0	21	Flag table	Capability to detect obscuration
002189	0	0	12	Flag table	Capability to discriminate lightning strikes
002190	0	0	7	%	Lagrangian drifter submergence (% time submerged)
002191	0	0	4	Code table	Geopotential height calculation
003001	0	0	5	Code table	Surface station type
003003	0	0	4	Code table	Thermometer/hygrometer housing
003004	0	0	4	Code table	Type of screen/shelter/radiation shield
003005	3	0	16	m	Horizontal width of screen or shield (x)
003006	3	0	16	m	Horizontal depth of screen or shield (y)
003007	3	0	16	m	Vertical height of screen or shield (z)
003008	0	0	3	Code table	Artificially ventilated screen or shield
003009	1	0	9	m/s	Amount of forced ventilation at time of reading
003010	0	0	4	Code table	Method of sea/water current measurement
003011	0	0	2	Code table	Method of depth calculation
003012	0	0	4	Code table	Instrument type/sensor for dissolved oxygen measurement
003016	0	0	4	Code table	Position of road sensors
003017	0	0	6	Flag table	Extended type of station
003018	0	0	5	Code table	Type of road
003019	0	0	4	Code table	Type of construction
003020	0	0	3	Code table	Material for thermometer/hygrometer housing
003021	0	0	2	Code table	Hygrometer heating
003022	0	0	3	Code table	Instrument owner
003023	0	0	3	Code table	Configuration of louvers for thermometer/hygrometer screen
003024	6	0	10	K-1	Psychrometric coefficient
003025	0	5000	16	m	Cross-track estimation area size
003026	0	5000	16	m	Along-track estimation area size
003027	0	0	4	Code table	Type of flight rig
003028	0	0	6	Code table	Method of snow water equivalent measurement
003029	0	0	3	Code table	Swath
003030	0	0	3	Code table	Antenna status
003031	11	0	16	m	Channel bandwidth, full width half maximum (FWHM)
003032	-6	0	26	Hz	Channel centre frequency
003033	-6	0	26	Hz	Channel bandwidth
003034	9	0	16	m	Channel wavelength
003035	2	0	14	deg	Incidence angle
004001	0	0	12	a	Year
004002	0	0	4	mon	Month
004003	0	0	6	d	Day
004004	0	0	5	h	Hour
004005	0	0	6	min	Minute
004006	0	0	6	s	Second
004007	6	0	26	s	Seconds within a minute (microsecond accuracy)
004011	0	-1024	11	a	Time increment
004012	0	-1024	11	mon	Time increment
004013	0	-1024	11	d	Time increment
004014	0	-1024	11	h	Time increment
004015	0	-2048	12	min	Time increment
004016	0	-4096	13	s	Time increment
004017	0	-1440	12	min	Reference time period for accumulated or extreme data
004021	0	-1024	11	a	Time period or displacement
004022	0	-1024	11	mon	Time period or displacement
004023	0	-1024	11	d	Time period or displacement
004024	0	-2048	12	h	Time period or displacement
004025	0	-2048	12	min	Time period or displacement
004026	0	-4096	13	s	Time period or displacement
004031	0	0	8	h	Duration of time relating to following value
004032	0	0	6	min	Duration of time relating to following value
004041	0	-1440	12	min	Time difference, UTC - LMT
004043	0	0	9	d	Day of the year
004051	0	0	5	h	Principal time of daily reading of maximum temperature
004052	0	0	5	h	Principal time of daily reading of minimum temperature
004053	0	0	6	Numeric	Number of days with precipitation equal to or more than 1 mm
004059	0	0	6	Flag table	Times of observation used to compute the reported mean values
004065	0	-128	8	min	Short time increment
004066	0	-128	8	s	Short time increment
004073	0	-128	8	d	Short time period or displacement
004074	0	-128	8	h	Short time period or displacement
004075	0	-128	8	min	Short time period or displacement
004080	0	0	4	Code table	Averaging period for following value
004086	0	-8192	15	s	Long time period or displacement
005001	5	-9000000	25	deg	Latitude (high accuracy)
005002	2	-9000	15	deg	Latitude (coarse accuracy)
005011	5	-9000000	25	deg	Latitude increment (high accuracy)
005012	2	-9000	15	deg	Latitude increment (coarse accuracy)
005015	5	-9000000	25	deg	Latitude displacement (high accuracy)
005016	2	-9000	15	deg	Latitude displacement (coarse accuracy)
005021	2	0	16	degree true	Bearing or azimuth
005022	2	0	16	degree true	Solar azimuth
005023	1	-1800	12	deg	Sun to satellite azimuth difference
005030	0	0	12	deg	Direction (spectral)
005031	0	0	12	Numeric	Row number
005032	2	-1073741824	31	m	Y offset
005033	-1	0	16	m	Pixel size on horizontal - 1
005034	0	0	11	Numeric	Along track row number
005035	0	0	12	Numeric	Maximum size of x-dimension
005036	0	0	7	Numeric	Ship transect number according to SOOP
005040	0	0	24	Numeric	Orbit number
005041	0	0	8	Numeric	Scan line number
005042	0	0	6	Numeric	Channel number
005043	0	0	8	Numeric	Field of view number
005044	0	0	11	Numeric	Satellite cycle number
005045	0	0	8	Numeric	Field of regard number
005052	0	0	5	Numeric	Channel number increment
005053	0	0	5	Numeric	Field of view number increment
005060	6	-8000000	24	deg	Y angular position from centre of gravity
005061	6	-8000000	24	deg	Z angular position from centre of gravity
005063	2	0	16	deg	Spacecraft roll
005064	2	0	16	deg	Spacecraft pitch
005066	2	0	16	deg	Spacecraft yaw
005067	0	0	8	Numeric	Number of scan lines
005068	0	0	16	Numeric	Profile number
005069	0	0	2	Code table	Receiver channel
005070	0	0	30	Numeric	Observation identifier
005071	0	0	16	Numeric	Stripmap identifier
005072	0	0	8	Numeric	Number of spectra in range direction
005073	0	0	8	Numeric	Number of spectra in azimuthal direction
005074	0	0	8	Numeric	Index in range direction
005075	0	0	8	Numeric	Index in azimuthal direction
005076	2	0	16	deg	Solar azimuth in instrument reference frame
005077	4	-900000	21	deg	Sub-satellite point latitude
005078	0	0	4	Numeric	Horn number
005079	0	0	6	Numeric	Band number
005080	-3	0	6	m	Resolution radius
005092	0	-1	3	Numeric	Side track index or along lateral track row number
006001	5	-18000000	26	deg	Longitude (high accuracy)
006002	2	-18000	16	deg	Longitude (coarse accuracy)
006011	5	-18000000	26	deg	Longitude increment (high accuracy)
006012	2	-18000	16	deg	Longitude increment (coarse accuracy)
006015	5	-18000000	26	deg	Longitude displacement (high accuracy)
006016	2	-18000	16	deg	Longitude displacement (coarse accuracy)
006021	-1	0	13	m	Distance
006029	1	0	22	/m	Wave number
006030	5	0	13	rad/m	Wave number (spectral)
006031	0	0	12	Numeric	Column number
006032	2	-1073741824	31	m	X offset
006033	-1	0	16	m	Pixel size on horizontal - 2
006034	0	0	7	Numeric	Cross-track cell number
006035	0	0	12	Numeric	Maximum size of y-dimension
006040	0	0	13	m	Radius of confidence
006041	0	0	11	Numeric	Earth scan sample number
006042	0	0	6	Numeric	Space/moon scan sample number
006043	4	-1800000	22	deg	Sub-satellite point longitude
007001	0	-400	15	m	Height of station
007002	-1	-40	16	m	Height or altitude
007003	-1	-400	17	m2 s-2	Geopotential
007004	-1	0	14	Pa	Pressure
007005	0	-400	12	m	Height increment
007006	0	0	15	m	Height above station
007007	0	-1000	17	m	Height
007008	0	-10000	20	m2 s-2	Geopotential
007009	0	-1000	17	gpm	Geopotential height
007010	0	-1024	16	m	Flight level
007012	2	-50000	20	m	Grid point altitude
007021	2	-9000	15	deg	Elevation
007022	2	-9000	15	deg	Solar elevation
007024	2	-9000	15	deg	Satellite zenith angle
007025	2	-9000	15	deg	Solar zenith angle
007026	4	-900000	21	deg	Satellite zenith angle
007030	1	-4000	17	m	Height of station ground above mean sea level
007031	1	-4000	17	m	Height of barometer above mean sea level
007032	2	0	16	m	Height of sensor above local ground (or deck of marine platform)
007033	1	0	12	m	Height of sensor above water surface
007034	2	-65000	17	m	Vertical distance of sensor
007035	0	0	12	Numeric	Maximum size of z-dimension
007036	0	0	12	Numeric	Level index of z
007040	1	62000000	22	m	Impact parameter
007061	2	0	14	m	Depth below land surface
007062	1	0	17	m	Depth below sea/water surface
007063	2	0	20	m	Depth below sea/water surface (cm)
007064	0	0	4	m	Representative height of sensor above station
007065	-3	0	17	Pa	Water pressure
007070	0	0	10	m	Drogue depth
007071	3	-10000000	26	m	Height (high resolution)
007072	2	-9000	15	deg	Scan angle
007073	2	0	15	deg	Angle between moon and space view
007074	2	-9000	15	deg	Solar elevation angle in instrument reference frame
007075	0	0	8	deg	Scattering angle
007076	0	0	8	deg	Relative azimuth angle
007077	0	-400	12	m	Height of sensor with respect to station
008001	0	0	7	Flag table	Vertical sounding significance
008002	0	0	6	Code table	Vertical significance (surface observations)
008003	0	0	6	Code table	Vertical significance (satellite observations)
008004	0	0	3	Code table	Phase of aircraft flight
008005	0	0	4	Code table	Meteorological attribute significance
008006	0	0	9	Flag table	Ozone vertical sounding significance
008007	0	0	4	Code table	Dimensional significance
008008	0	0	9	Flag table	Radiation vertical sounding significance
008009	0	0	4	Code table	Detailed phase of flight
008010	0	0	5	Code table	Surface qualifier (temperature data)
008011	0	0	6	Code table	Meteorological feature
008012	0	0	2	Code table	Land/sea qualifier
008013	0	0	2	Code table	Day/night qualifier
008014	0	0	4	Code table	Qualifier for runway visual range
008015	0	0	3	Code table	Significant qualifier for sensor
008016	0	0	3	Code table	Change qualifier of a trend-type forecast or an aerodrome forecast
008017	0	0	2	Code table	Qualifier of the time when the forecast change is expected
008018	0	0	17	Flag table	SEAWINDS land/ice surface type
008019	0	0	4	Code table	Qualifier for following centre identifier
008020	0	0	16	Numeric	Total number of missing entities (with respect to accumulation or average)
008021	0	0	5	Code table	Time significance
008022	0	0	16	Numeric	Total number (with respect to accumulation or average)
008023	0	0	6	Code table	First-order statistics
008024	0	0	6	Code table	Difference statistics
008025	0	0	4	Code table	Time difference qualifier
008026	0	0	6	Code table	Matrix significance
008027	0	0	8	Code table	Type of sea-surface height anomaly measurement
008028	0	0	10	Code table	Extended time significance
008029	0	0	8	Code table	Surface type
008030	0	0	13	Numeric	Manual on Codes (Volume I.1, Section C) Code table from which data are derived
008031	0	0	8	Numeric	Data category - CREX table A
008032	0	0	4	Code table	Status of operation
008033	0	0	7	Code table	Method of derivation of percentage confidence
008034	0	0	4	Code table	Temperature/salinity measurement qualifier
008035	0	0	3	Code table	Type of monitoring exercise
008036	0	0	3	Code table	Type of centre or station performing monitoring
008037	0	0	5	Code table	Baseline check significance
008038	0	0	8	Code table	Instrument data significance
008039	0	0	6	Code table	Time significance (Aviation forecast)
008040	0	0	6	Code table	Flight level significance
008041	0	0	5	Code table	Data significance
008042	0	0	18	Flag table	Extended vertical sounding significance
008043	0	0	8	Code table	Atmospheric chemical or physical constituent type
008044	0	0	88	CCITT IA5	CAS registry number
008045	0	0	8	Code table	Character of particulate matter
008046	0	0	16	Common Code table C-14	Atmospheric chemical or physical constituent type
008049	0	0	8	Numeric	Number of observations
008050	0	0	4	Code table	Qualifier for number of missing values in calculation of statistic
008051	0	0	3	Code table	Qualifier for number of missing values in calculation of statistic
008052	0	0	5	Code table	Condition for which number of days of occurrence follows
008053	0	0	2	Code table	Day of occurrence qualifier
008054	0	0	3	Code table	Qualifier for wind speed or wind gusts
008055	0	0	4	Code table	Method used to calculate the average wind components after removing vortex
008060	0	0	4	Code table	Sample scanning mode significance
008061	0	0	4	Code table	Surface flag source
008065	0	0	2	Code table	Sun-glint indicator
008066	0	0	2	Code table	Semi-transparency indicator
008070	0	0	4	Code table	Vertical sounding product qualifier
008071	0	0	3	Code table	Type of cost estimation
008072	0	0	3	Code table	Pixel(s) type
008074	0	0	2	Code table	Altimeter echo type
008075	0	0	2	Code table	Ascending/descending orbit qualifier
008076	0	0	6	Code table	Type of band
008077	0	0	7	Code table	Radiometer sensed surface type
008079	0	0	4	Code table	Product status
008080	0	0	6	Code table	Qualifier for GTSPP quality flag
008081	0	0	6	Code table	Type of equipment
008082	0	0	3	Code table	Modification of sensor height to another value
008083	0	0	15	Flag table	Nominal value indicator
008085	0	0	3	Code table	Beam identifier
008086	0	0	12	Flag table	Vertical significance for NWP
008087	0	0	3	Code table	Corner position of observation
008088	0	0	6	Code table	Map significance
008090	0	-127	8	Numeric	Decimal scale of following significands
008091	0	0	8	Code table	Coordinates significance
008092	0	0	5	Code table	Measurement uncertainty expression
008093	0	0	5	Code table	Measurement uncertainty significance
008094	0	0	8	Code table	Method used to calculate the average daily temperature
008095	0	0	8	Code table	Siting and measurement quality classification for temperature
008096	0	0	8	Code table	Siting and measurement quality classification for precipitation
008097	0	0	7	Code table	Method used to calculate the average instrument temperature
008098	0	0	4	Code table	Source of temperature measurement
008099	0	0	4	Code table	Sensing direction
008100	0	0	8	Code table	Type of following observation value
008101	0	0	4	Code table	Phase of balloon flight
010001	0	-400	15	m	Height of land surface
010002	-1	-40	16	m	Height
010003	-1	-400	17	m2 s-2	Geopotential
010004	-1	0	14	Pa	Pressure
010007	0	-1000	17	m	Height
010008	0	-10000	20	m2 s-2	Geopotential
010009	0	-1000	17	gpm	Geopotential height
010010	-1	0	14	Pa	Minimum pressure reduced to mean sea level
010011	-1	0	14	Pa	Maximum pressure reduced to mean sea level
010031	2	-1073741824	31	m	In direction of the North Pole, distance from the Earth's centre
010032	1	0	27	m	Satellite distance to Earth's centre
010033	1	0	27	m	Altitude (platform to ellipsoid)
010034	1	0	27	m	Earth's radius
010035	1	62000000	22	m	Earth's local radius of curvature
010036	2	-15000	15	m	Geoid undulation
010038	0	0	6	m	Maximum height of deck cargo above summer load line
010039	0	-32	6	m	Departure of reference level (summer maximum load line) from actual sea level
010040	0	0	10	Numeric	Number of retrieved layers
010050	2	0	16	m	Standard deviation altitude
010051	-1	0	14	Pa	Pressure reduced to mean sea level
010052	-1	0	14	Pa	Altimeter setting (QNH)
010053	0	-1000	17	m	Global navigation satellite system altitude
010060	-1	-1024	11	Pa	Pressure change
010061	-1	-500	10	Pa	3-hour pressure change
010062	-1	-1000	11	Pa	24-hour pressure change
010063	0	0	4	Code table	Characteristic of pressure tendency
010064	0	0	3	Code table	SIGMET cruising level
010070	0	-400	16	m	Indicated aircraft altitude
010071	0	0	14	m	Vertical resolution
010073	2	0	21	m	Height of plume
010079	4	0	16	deg	Off-nadir angle of the satellite from platform data
010080	2	-9000	15	deg	Viewing zenith angle
010081	3	0	31	m	Altitude of COG above reference ellipsoid
010082	3	-65536	17	m/s	Instantaneous altitude rate
010083	2	0	16	deg2	Squared off-nadir angle of the satellite from platform data
010084	2	0	16	deg2	Squared off-nadir angle of the satellite from waveform data
010085	3	-131072	18	m	Mean sea-surface height
010086	3	-131072	18	m	Geoid's height
010087	1	-131072	18	m	Ocean depth/land elevation
010088	3	-32768	16	m	Total geocentric ocean tide height (solution 1)
010089	3	-32768	16	m	Total geocentric ocean tide height (solution 2)
010090	3	-32768	16	m	Long period tide height
010091	3	-32768	16	m	Tidal loading height
010092	3	-32768	16	m	Solid Earth tide height
010093	3	-32768	16	m	Geocentric pole tide height
010095	0	0	16	m	Height of atmosphere used
010096	3	-131072	18	m	Mean dynamic topography
010097	3	-131072	18	m	Mean sea-surface height from altimeter only
010098	4	-2000	12	m	Loading tide height geocentric ocean tide solution 1
010099	4	-2000	12	m	Loading tide height geocentric ocean tide solution 2
010100	4	-2000	12	m	Non-equilibrium long period tide height
010101	2	-32768	16	deg2	Squared off-nadir angle of the satellite from waveform data
010102	3	-32768	16	m	Sea-surface height anomaly
010103	3	-131072	18	m	Mean dynamic topography accuracy
011001	0	0	9	degree true	Wind direction
011002	1	0	12	m/s	Wind speed
011003	1	-4096	13	m/s	u-component
011004	1	-4096	13	m/s	v-component
011005	1	-512	10	Pa/s	w-component
011006	2	-4096	13	m/s	w-component
011007	0	0	9	deg	Relative wind direction (in degrees off bow)
011008	1	0	12	m/s	Relative wind speed
011010	0	0	9	degree true	Wind direction associated with wind speed which follows
011011	0	0	9	degree true	Wind direction at 10 m
011012	1	0	12	m/s	Wind speed at 10 m
011013	0	0	9	degree true	Wind direction at 5 m
011014	1	0	12	m/s	Wind speed at 5 m
011016	0	0	9	degree true	Extreme counterclockwise wind direction of a variable wind
011017	0	0	9	degree true	Extreme clockwise wind direction of a variable wind
011019	0	0	7	%	Steadiness of wind
011021	9	-65536	17	/s	Relative vorticity
011022	9	-65536	17	/s	Divergence
011023	-2	-65536	17	m2/s	Velocity potential
011024	1	-4096	13	m/s	Average u-component after the vortex removal
011025	1	-4096	13	m/s	Average v-component after the vortex removal
011030	0	0	6	Code table	Extended degree of turbulence
011031	0	0	4	Code table	Degree of turbulence
011032	-1	-40	16	m	Height of base of turbulence
011033	-1	-40	16	m	Height of top of turbulence
011034	1	-1024	11	m/s	Vertical gust velocity
011035	2	-8192	14	m s-2	Vertical gust acceleration
011036	1	0	10	m/s	Maximum derived equivalent vertical gust speed
011037	0	0	6	Code table	Turbulence index
011038	0	0	5	Code table	Time of occurrence of peak eddy dissipation rate
011039	0	0	6	Code table	Extended time of occurrence of peak eddy dissipation rate
011040	1	0	12	m/s	Maximum wind speed (mean wind)
011041	1	0	12	m/s	Maximum wind gust speed
011042	1	0	12	m/s	Maximum wind speed (10-minute mean wind)
011043	0	0	9	degree true	Maximum wind gust direction
011044	0	0	9	degree true	Mean wind direction for surface - 1 500 m (5 000 feet)
011045	1	0	12	m/s	Mean wind speed for surface - 1 500 m (5 000 feet)
011046	1	0	12	m/s	Maximum instantaneous wind speed
011047	1	0	12	m/s	Maximum instantaneous wind speed over 10 minutes
011049	0	0	9	degree true	Standard deviation of wind direction
011050	1	0	12	m/s	Standard deviation of horizontal wind speed
011051	1	0	8	m/s	Standard deviation of vertical wind speed
011052	2	0	13	m/s	Formal uncertainty in wind speed
011053	2	0	15	degree true	Formal uncertainty in wind direction
011054	0	0	9	degree true	Mean wind direction for 1 500 - 3 000 m
011055	1	0	12	m/s	Mean wind speed for 1 500 - 3 000 m
011061	1	0	12	m/s	Absolute wind shear in 1 km layer below
011062	1	0	12	m/s	Absolute wind shear in 1 km layer above
011070	0	0	32	CCITT IA5	Designator of the runway affected by wind shear (including ALL)
011071	3	-128	14	m2 s-2	Turbulent vertical momentum flux
011072	3	-128	11	K m s-1	Turbulent vertical buoyancy flux
011073	2	-1024	13	m2 s-2	Turbulent kinetic energy
011074	2	-1024	10	m2 s-2	Dissipation energy
011075	2	0	8	m2/3 s-1	Mean turbulence intensity (eddy dissipation rate)
011076	2	0	8	m2/3 s-1	Peak turbulence intensity (eddy dissipation rate)
011077	0	0	12	s	Reporting interval or averaging time for eddy dissipation rate
011080	0	0	3	Numeric	Number of views used for wind retrieval
011081	2	0	16	degree true	Model wind direction at 10 m
011082	2	0	14	m/s	Model wind speed at 10 m
011083	0	0	9	km/h	Wind speed
011084	0	0	8	kt	Wind speed
011085	0	0	9	km/h	Maximum wind gust speed
011086	0	0	8	kt	Maximum wind gust speed
011095	1	-4096	13	m/s	u-component of the model wind vector
011096	1	-4096	13	m/s	v-component of the model wind vector
011097	2	0	12	m/s	Wind speed from altimeter
011098	2	0	12	m/s	Wind speed from radiometer
011100	1	0	12	m/s	Aircraft true airspeed
011101	1	-4096	13	m/s	Aircraft ground speed u-component
011102	1	-4096	13	m/s	Aircraft ground speed v-component
011103	1	-512	10	m/s	Aircraft ground speed w-component
011104	0	0	9	degree true	True heading of aircraft, ship or other mobile platform
011105	0	0	6	Numeric	EDR algorithm version
011106	1	0	4	Numeric	Running minimum confidence
011107	0	0	5	Numeric	Maximum number bad inputs
011108	1	0	4	Numeric	Peak location
011109	0	0	4	Numeric	Number of good EDR
011110	1	-4096	13	m/s	Uncertainty in u-component
011111	1	-4096	13	m/s	Uncertainty in v-component
011112	2	-4096	13	m/s	Uncertainty in w-component
011113	3	-1000	12	Numeric	Tracking correlation of vector
012001	1	0	12	K	Temperature/air temperature
012002	1	0	12	K	Wet-bulb temperature
012003	1	0	12	K	Dewpoint temperature
012004	1	0	12	K	Air temperature at 2 m
012005	1	0	12	K	Wet-bulb temperature at 2 m
012006	1	0	12	K	Dewpoint temperature at 2 m
012007	1	0	12	K	Virtual temperature
012008	1	0	12	K	Uncertainty in virtual temperature
012011	1	0	12	K	Maximum temperature, at height and over period specified
012012	1	0	12	K	Minimum temperature, at height and over period specified
012013	1	0	12	K	Ground minimum temperature, past 12 hours
012014	1	0	12	K	Maximum temperature at 2 m, past 12 hours
012015	1	0	12	K	Minimum temperature at 2 m, past 12 hours
012016	1	0	12	K	Maximum temperature at 2 m, past 24 hours
012017	1	0	12	K	Minimum temperature at 2 m, past 24 hours
012021	2	0	16	K	Maximum temperature at 2 m
012022	2	0	16	K	Minimum temperature at 2 m
012023	0	-99	8	C	Temperature
012024	0	-99	8	C	Dewpoint temperature
012030	1	0	12	K	Soil temperature
012049	0	-30	6	K	Temperature change over specified period
012051	1	0	10	K	Standard deviation temperature
012052	1	0	12	K	Highest daily mean temperature
012053	1	0	12	K	Lowest daily mean temperature
012060	1	0	12	K	AWS enclosure internal temperature
012061	1	0	12	K	Skin temperature
012062	1	0	12	K	Equivalent black body temperature
012063	1	0	12	K	Brightness temperature
012064	1	0	12	K	Instrument temperature
012065	1	0	12	K	Standard deviation brightness temperature
012066	2	0	16	K	Antenna temperature
012070	2	0	16	K	Warm load temperature
012071	1	0	12	K	Coldest cluster temperature
012072	6	0	31	W m-2 sr-1	Radiance
012075	-3	0	16	W m-3 sr-1	Spectral radiance
012076	3	0	16	W m-2 sr-1	Radiance
012080	2	-10000	16	K	Brightness temperature real part
012081	2	-10000	16	K	Brightness temperature imaginary part
012082	2	0	12	K	Pixel radiometric accuracy
012083	2	-10000	16	K	Temperature difference between observed and computed
012101	2	0	16	K	Temperature/air temperature
012102	2	0	16	K	Wet-bulb temperature
012103	2	0	16	K	Dewpoint temperature
012104	2	0	16	K	Air temperature at 2 m
012105	2	0	16	K	Web-bulb temperature at 2 m
012106	2	0	16	K	Dewpoint temperature at 2 m
012107	2	0	16	K	Virtual temperature
012111	2	0	16	K	Maximum temperature, at height and over period specified
012112	2	0	16	K	Minimum temperature, at height and over period specified
012113	2	0	16	K	Ground minimum temperature, past 12 hours
012114	2	0	16	K	Maximum temperature at 2 m, past 12 hours
012115	2	0	16	K	Minimum temperature at 2 m, past 12 hours
012116	2	0	16	K	Maximum temperature at 2 m, past 24 hours
012117	2	0	16	K	Minimum temperature at 2 m, past 24 hours
012118	2	0	16	K	Maximum temperature at height specified, past 24 hours
012119	2	0	16	K	Minimum temperature at height specified, past 24 hours
012120	2	0	16	K	Ground temperature
012121	2	0	16	K	Ground minimum temperature
012122	2	0	16	K	Ground minimum temperature of the preceding night
012128	2	0	16	K	Road surface temperature
012129	2	0	16	K	Road subsurface temperature
012130	2	0	16	K	Soil temperature
012131	2	0	16	K	Snow temperature
012132	2	0	16	K	Ice surface temperature
012133	2	0	16	K	Ice temperature
012151	2	0	12	K	Standard deviation of daily mean temperature
012152	2	0	16	K	Highest daily mean temperature
012153	2	0	16	K	Lowest daily mean temperature
012158	2	0	12	K	Noise-equivalent delta temperature while viewing cold target
012159	2	0	12	K	Noise-equivalent delta temperature while viewing warm target
012161	2	0	16	K	Skin temperature
012162	2	0	16	K	Equivalent black body temperature
012163	2	0	16	K	Brightness temperature
012164	2	0	16	K	Instrument temperature
012165	0	0	23	K	Direct sun brightness temperature
012166	1	-4000	13	K	Snapshot accuracy
012167	1	0	9	K	Radiometric accuracy (pure polarization)
012168	1	0	9	K	Radiometric accuracy (cross polarization)
012169	3	-100000	18	K	Brightness temperature difference
012171	2	0	16	K	Coldest cluster temperature
012180	2	0	16	K	Averaged 12 micron BT for all clear pixels at nadir
012181	2	0	16	K	Averaged 11 micron BT for all clear pixels at nadir
012182	2	0	16	K	Averaged 3.7 micron BT for all clear pixels at nadir
012183	2	0	16	K	Averaged 12 micron BT for all clear pixels, forward view
012184	2	0	16	K	Averaged 11 micron BT for all clear pixels, forward view
012185	2	0	16	K	Averaged 3.7 micron BT for all clear pixels, forward view
012186	2	0	16	K	Mean nadir sea-surface temperature
012187	2	0	16	K	Mean dual view sea-surface temperature
012188	2	0	16	K	Interpolated 23.8 GHz brightness T from MWR
012189	2	0	16	K	Interpolated 36.5 GHz brightness T from MWR
012190	3	-15000	15	K2	Brightness temperature error covariance
013001	5	0	14	kg/kg	Specific humidity
013002	5	0	14	kg/kg	Mixing ratio
013003	0	0	7	%	Relative humidity
013004	-1	0	10	Pa	Vapour pressure
013005	3	0	7	kg m-3	Vapour density
013006	-1	-40	16	m	Mixing heights
013007	0	0	7	%	Minimum relative humidity
013008	0	0	7	%	Maximum relative humidity
013009	1	-1000	12	%	Relative humidity
013011	1	-1	14	kg m-2	Total precipitation/total water equivalent
013012	2	-2	12	m	Depth of fresh snow
013013	2	-2	16	m	Total snow depth
013014	4	0	12	kg m-2 s-1	Rainfall/water equivalent of snow (averaged rate)
013015	7	0	12	m/s	Snowfall (averaged rate)
013016	0	0	7	kg m-2	Precipitable water
013019	1	-1	14	kg m-2	Total precipitation past 1 hour
013020	1	-1	14	kg m-2	Total precipitation past 3 hours
013021	1	-1	14	kg m-2	Total precipitation past 6 hours
013022	1	-1	14	kg m-2	Total precipitation past 12 hours
013023	1	-1	14	kg m-2	Total precipitation past 24 hours
013031	0	0	7	kg m-2	Evapotranspiration
013032	1	0	8	kg m-2	Evaporation/evapotranspiration
013033	1	0	10	kg m-2	Evaporation/evapotranspiration
013038	0	0	2	Code table	Superadiabatic indicator
013039	0	0	3	Code table	Terrain type (ice/snow)
013040	0	0	4	Code table	Surface flag
013041	0	0	4	Code table	Pasquill-Gifford stability category
013042	0	-20	6	K	Parcel lifted index (to 500 hPa)
013043	0	-20	6	K	Best lifted index (to 500 hPa)
013044	0	-30	8	K	K index
013045	0	-30	8	K	KO index
013046	0	-30	8	K	Maximum buoyancy
013047	0	-60	6	K	Modified Showalter stability index
013048	1	0	10	%	Water fraction
013051	0	0	4	Code table	Frequency group, precipitation
013052	1	-1	14	kg m-2	Highest daily amount of precipitation
013055	4	0	8	kg m-2 s-1	Intensity of precipitation
013056	0	0	4	Code table	Character and intensity of precipitation
013057	0	0	4	Code table	Time of beginning or end of precipitation
013058	4	0	7	m	Size of precipitating element
013059	0	0	7	Numeric	Number of flashes (thunderstorm)
013060	1	-1	17	kg m-2	Total accumulated precipitation
013071	2	0	14	m	Upstream water level
013072	2	0	14	m	Downstream water level
013073	2	0	14	m	Maximum water level
013074	2	0	18	m	Ground water level
013080	1	0	10	pH unit	Water pH
013081	3	0	14	S/m	Water conductivity
013082	1	0	12	K	Water temperature
013083	6	0	15	kg m-3	Dissolved oxygen
013084	0	0	14	lm	Turbidity
013085	3	0	14	V	Oxidation Reduction Potential (ORP)
013090	1	0	10	kg m-2	Radiometer water vapour content
013091	2	0	8	kg m-2	Radiometer liquid content
013093	0	0	8	Numeric	Cloud optical thickness
013094	3	-2000	14	Numeric	Log10 of cloud optical thickness
013095	4	0	19	kg m-2	Total column water vapour
013096	2	0	14	kg m-2	MWR water vapour content
013097	2	0	14	kg m-2	MWR liquid water content
013098	8	0	30	kg m-2	Integrated water vapour density
013099	1	0	7	log(m-2)	Log10 of integrated cloud particle density
013100	1	-70	7	log(m2 m-2)	Log10 of integrated cloud particle area
013101	1	-140	7	log(m3 m-2)	Log10 of integrated cloud particle volume
013109	3	0	10	kg m-2	Ice/liquid water path
013110	0	0	7	%	Mass mixing ratio
013111	0	0	10	g/kg	Soil moisture
013112	0	0	17	s	Object wetness duration
013114	1	0	11	kg m-2 h-1	Rate of ice accretion
013115	2	0	19	m	Ice thickness
013116	4	0	10	m	Water film thickness
013117	0	0	10	kg m-3	Snow density (liquid water content)
013118	3	-2	14	m	Depth of fresh snow (high accuracy)
013119	3	-10000	15	m	Snow depth
013155	5	-1	16	kg m-2 s-1	Intensity of precipitation (high accuracy)
013160	2	-350	10	kg m-2	Radiometer liquid content
013161	0	0	14	J/kg	Most unstable convective available potential energy (CAPE)
013162	2	0	8	kg m-2	Cloud liquid water
013163	0	0	16	kg m-2	Snow water equivalent
013164	3	-131072	18	m	Sea ice freeboard
013165	0	0	14	J/kg	Convective available potential energy (CAPE)
013166	1	0	10	K	Total totals index
013167	1	-1000	11	K	S index (STT)
013168	1	-100	8	K	Fog threat index
013169	1	-100	8	K/K	Microburst day potential index (MDPI)
013170	1	-1000	11	K	TQ index
013171	0	-1000	10	J/kg	CIN (convective inhibition)
014001	-3	-65536	17	J m-2	Long-wave radiation, integrated over 24 hours
014002	-3	-65536	17	J m-2	Long-wave radiation, integrated over period specified
014003	-3	-65536	17	J m-2	Short-wave radiation, integrated over 24 hours
014004	-3	-65536	17	J m-2	Short-wave radiation, integrated over period specified
014011	-3	-65536	17	J m-2	Net long-wave radiation, integrated over 24 hours
014012	-3	-65536	17	J m-2	Net long-wave radiation, integrated over period specified
014013	-3	-65536	17	J m-2	Net short-wave radiation, integrated over 24 hours
014014	-3	-65536	17	J m-2	Net short-wave radiation, integrated over period specified
014015	-4	-16384	15	J m-2	Net radiation, integrated over 24 hours
014016	-4	-16384	15	J m-2	Net radiation, integrated over period specified
014017	0	-512	10	W m-2	Instantaneous long-wave radiation
014018	0	-2048	12	W m-2	Instantaneous short-wave radiation
014019	0	0	7	%	Surface albedo
014020	-4	0	15	J m-2	Global solar radiation, integrated over 24 hours
014021	-4	0	15	J m-2	Global solar radiation, integrated over period specified
014022	-4	0	15	J m-2	Diffuse solar radiation, integrated over 24 hours
014023	-4	0	15	J m-2	Diffuse solar radiation, integrated over period specified
014024	-4	0	15	J m-2	Direct solar radiation, integrated over 24 hours
014025	-4	0	15	J m-2	Direct solar radiation, integrated over period specified
014026	0	0	7	%	Albedo at the top of clouds
014027	0	0	7	%	Albedo
014028	-2	0	20	J m-2	Global solar radiation (high accuracy), integrated over period specified
014029	-2	0	20	J m-2	Diffuse solar radiation (high accuracy), integrated over period specified
014030	-2	0	20	J m-2	Direct solar radiation (high accuracy), integrated over period specified
014031	0	0	11	min	Total sunshine
014032	0	0	10	h	Total sunshine
014033	0	0	9	%	Total sunshine
014034	0	0	11	min	Sunshine over period specified
014035	1	0	14	W m-2	Solar radiation flux
014042	0	0	7	%	Bidirectional reflectance
014043	4	0	23	W m-2 sr-1 um-1	Channel radiance
014044	7	-100000	22	W m-2 sr-1 cm	Channel radiance
014045	0	0	11	W m-2 sr-1 cm	Channel radiance
014046	0	-5000	16	W m-2 sr-1 m	Scaled radiance
014047	0	0	31	W m-2 sr-1 m	Scaled mean AVHRR radiance
014048	0	0	31	W m-2 sr-1 m	Scaled standard deviation AVHRR radiance
014049	7	0	22	W m-2 sr-1 cm	Noise equivalent delta radiance
014050	1	0	10	%	Emissivity
014051	-3	0	14	J m-2	Direct solar radiation integrated over last hour
014052	-2	-1048574	20	J m-2	Global upward solar radiation, integrated over period specified
014053	-2	-1048574	21	J m-2	Net radiation (high accuracy), integrated over period specified
014054	-3	0	16	J m-2	Photosynthetically active radiation, integrated over period specified
014055	0	-32768	16	Numeric	Solar activity index
014056	0	0	18	Cd m-2	Background luminance
014057	-2	-1048574	21	J m-2	Soil heat flux
014058	2	-5000	13	dB	Corrected cross-pole backscatter
014072	0	-4000000	23	J m-2	Global UV irradiation
015001	0	0	10	DU	Total ozone
015002	2	0	10	Numeric	Air mass (slant path at 22 km)
015003	4	0	9	Pa	Measured ozone partial pressure (sounding)
015004	3	0	11	Numeric	Ozone sounding correction factor (CF)
015005	0	0	10	DU	Ozone p
015006	5	1800000	20	log(m-3)	Log10 of number density of atmosphere
015007	2	0	16	DU	Estimated amount of chemical constituent
015008	0	0	10	Numeric	Significand of volumetric mixing ratio
015009	5	1200000	20	log(m-3)	Log10 of number density of ozone
015011	3	14000	13	log (m-2)	Log10 of integrated electron density
015012	-16	0	6	m-2	Total electron count per square metre
015015	0	0	31	Numeric	Maximum image spectral component before normalization
015020	8	0	21	kg m-2	Integrated ozone density
015021	11	0	31	kg m-2	Integrated mass density
015022	1	-100000000	31	kg m-2	Extended integrated mass density
015024	4	0	24	Numeric	Optical depth
015025	0	0	4	Code table	Type of pollutant
015026	9	0	9	mol/mol	Concentration of pollutant (mol mol-1)
015027	9	0	10	kg m-3	Concentration of pollutant (kg m-3)
015028	5	0	16	0/00	Mole fraction of atmospheric constituent/pollutant in dry air
015029	9	0	30	/m	Extinction coefficient
015030	2	-1000	12	Numeric	Aerosol contamination index
015031	4	10000	15	m	Atmospheric path delay in satellite signal
015032	4	0	10	m	Estimated error in atmospheric path delay
015033	5	-10000	15	m	Difference in path delays for limb views at extremes of scan
015034	5	0	14	m	Estimated error in path delay difference
015035	4	0	14	m	Component of zenith path delay due to water vapour
015036	3	0	19	N units	Atmospheric refractivity
015037	8	-100000	23	rad	Bending angle
015038	4	0	20	m	Path delay due to neutral atmosphere
015039	4	0	14	m	Estimated error in neutral atmosphere path delay
015041	2	-1200	14	Numeric	Sulphur dioxide index
015042	2	0	14	%	Reflectance
015043	0	0	10	Numeric	Number of averaging kernel layers
015044	6	-5000000	31	Numeric	Averaging kernel value
015045	2	-2000	15	DU	Sulphur dioxide
015046	2	-1000	11	Numeric	Volcano contamination index
015049	3	-2000	14	Numeric	Aerosol Angstrom wavelength exponent
015051	0	0	18	m	Meteorological optical range
015052	1	60	6	log (m-3)	Log10 of number density of aerosol particles with diameter greater than 5 nm
015053	2	600	9	log (m-3)	Log10 of number density of aerosol particles with diameter greater than 14 nm
015054	2	550	9	log (m-3)	Log10 of number density of aerosol particles with diameter between 0.25 and 2.5 um
015055	2	0	7	Numeric	Non volatile aerosol ratio
015062	3	-1000	14	Numeric	Aerosol optical thickness
015063	8	0	20	m-1 sr-1	Attenuated backscatter
015064	8	0	20	m-1 sr-1	Uncertainty in attenuated backscatter
015065	8	0	20	m-1 sr-1	Particle backscatter coefficient
015066	8	0	20	m-1 sr-1	Uncertainty in particle backscatter coefficient
015067	8	0	20	m-1	Particle extinction coefficient
015068	8	0	20	m-1	Uncertainty in particle extinction coefficient
015069	2	0	14	sr	Particle lidar ratio
015070	2	0	14	sr	Uncertainty in lidar ratio
015071	2	0	14	%	Particle depolarization ratio
015072	2	0	14	%	Uncertainty in depolarization ratio
015073	8	-524288	20	m-1 sr-1	Attenuated backscatter
015074	8	-524288	20	m-1 sr-1	Particle backscatter coefficient
015075	8	-524288	20	m	Particle extinction coefficient
015076	1	-2048	13	sr	Particle lidar ratio
015077	1	0	12	sr	Uncertainty in lidar ratio
015078	2	-8192	15	%	Particle depolarization ratio
015079	4	0	15	m	Zenith path delay due to neutral atmosphere
015080	4	0	12	m	Estimated error in neutral atmosphere zenith path delay
015081	4	0	18	m	Wet path delay due to neutral atmosphere
015082	1	0	16	kg m-2	Path integrated water vapour
015083	5	-8192	14	m	GNSS derived neutral atmosphere gradient
015084	4	0	14	m	GNSS least squares residual
015085	4	0	14	m	GNSS multi-path delay
015086	3	0	16	Numeric	GNSS hydrostatic mapping function
015087	3	0	16	Numeric	GNSS wet mapping function
015088	3	0	16	Numeric	GNSS gradient mapping function
015089	4	0	15	m	Zenith path delay due to neutral hydrostatic atmosphere
015090	4	0	20	m	Path delay due to neutral hydrostatic atmosphere
019001	0	0	6	Code table	Type of synoptic feature
019002	-2	0	12	m	Effective radius of feature
019003	0	0	8	m/s	Wind speed threshold
019004	-2	0	12	m	Effective radius with respect to wind speeds above threshold
019005	0	0	9	degree true	Direction of motion of feature
019006	2	0	14	m/s	Speed of motion of feature
019007	-3	0	12	m	Effective radius of feature
019008	0	0	3	Code table	Vertical extent of circulation
019009	-3	0	12	m	Effective radius with respect to wind speeds above threshold (large storms)
019010	0	0	4	Code table	Method for tracking the centre of synoptic feature
019100	0	0	4	Code table	Time interval to calculate the movement of the tropical cyclone
019101	0	0	4	Code table	Accuracy of the position of the centre of the tropical cyclone
019102	0	0	3	Code table	Shape and definition of the eye of the tropical cyclone
019103	0	0	4	Code table	Diameter of major axis of the eye of the tropical cyclone
019104	0	0	4	Code table	Change in character of the eye during the 30 minutes
019105	0	0	4	Code table	Distance between the end of spiral band and the centre
019106	0	0	7	Numeric	Identification number of tropical cyclone
019107	0	0	4	Code table	Time interval over which the movement of the tropical cyclone has been calculated
019108	0	0	3	Code table	Accuracy of geographical position of the tropical cyclone
019109	0	0	4	Code table	Mean diameter of the overcast cloud of the tropical cyclone
019110	0	0	4	Code table	Apparent 24-hour change in intensity of the tropical cyclone
019111	1	0	7	Numeric	Current Intensity (CI) number of the tropical cyclone
019112	1	0	7	Numeric	Data Tropical (DT) number of the tropical cyclone
019113	0	0	4	Code table	Cloud pattern type of the DT-number
019114	1	0	7	Numeric	Model Expected Tropical (MET) number of the tropical cyclone
019115	1	-30	6	Numeric	Trend of the past 24-hour change (+: Developed, -: Weakened)
019116	1	0	7	Numeric	Pattern Tropical (PT) number of the tropical cyclone
019117	0	0	3	Code table	Cloud picture type of the PT-number
019118	1	0	7	Numeric	Final Tropical (T) number of the tropical cyclone
019119	0	0	3	Code table	Type of the final T-number
019150	0	0	32	CCITT IA5	Typhoon International Common Number (Typhoon Committee)
020001	-1	0	13	m	Horizontal visibility
020002	-1	0	7	m	Vertical visibility
020003	0	0	9	Code table	Present weather
020004	0	0	5	Code table	Past weather (1)
020005	0	0	5	Code table	Past weather (2)
020006	0	0	3	Code table	Flight rules
020008	0	0	5	Code table	Cloud distribution for aviation
020009	0	0	4	Code table	General weather indicator (TAF/METAR)
020010	0	0	7	%	Cloud cover (total)
020011	0	0	4	Code table	Cloud amount
020012	0	0	6	Code table	Cloud type
020013	-1	-40	11	m	Height of base of cloud
020014	-1	-40	11	m	Height of top of cloud
020015	-1	0	14	Pa	Pressure at base of cloud
020016	-1	0	14	Pa	Pressure at top of cloud
020017	0	0	4	Code table	Cloud top description
020018	0	0	2	Code table	Tendency of runway visual range
020019	0	0	72	CCITT IA5	Significant present or forecast weather
020020	0	0	32	CCITT IA5	Significant recent weather phenomena
020021	0	0	30	Flag table	Type of precipitation
020022	0	0	4	Code table	Character of precipitation
020023	0	0	18	Flag table	Other weather phenomena
020024	0	0	3	Code table	Intensity of phenomena
020025	0	0	21	Flag table	Obscuration
020026	0	0	4	Code table	Character of obscuration
020027	0	0	9	Flag table	Phenomena occurrence
020028	0	0	3	Code table	Expected change in intensity
020029	0	0	2	Code table	Rain flag
020031	2	0	7	m	Ice deposit (thickness)
020032	0	0	3	Code table	Rate of ice accretion (estimated)
020033	0	0	4	Flag table	Cause of ice accretion
020034	0	0	5	Code table	Sea ice concentration
020035	0	0	4	Code table	Amount and type of ice
020036	0	0	5	Code table	Ice situation
020037	0	0	5	Code table	Ice development
020038	0	0	12	degree true	Bearing of ice edge
020039	-1	0	13	m	Ice distance
020040	0	0	4	Code table	Evolution of drift snow
020041	0	0	4	Code table	Airframe icing
020042	0	0	2	Code table	Airframe icing present
020043	4	0	7	kg m-3	Peak liquid water content
020044	4	0	7	kg m-3	Average liquid water content
020045	0	0	2	Code table	Supercooled large droplet (SLD) conditions
020048	0	0	4	Code table	Evolution of feature
020050	0	0	8	Code table	Cloud index
020051	0	0	7	%	Amount of low clouds
020052	0	0	7	%	Amount of middle clouds
020053	0	0	7	%	Amount of high clouds
020054	0	0	9	degree true	True direction from which a phenomenon or clouds are moving or in which they are observed
020055	0	0	4	Code table	State of sky in the tropics
020056	0	0	3	Code table	Cloud phase
020058	-1	0	13	m	Visibility seawards from a coastal station
020059	-1	0	9	m	Minimum horizontal visibility
020060	-1	0	10	m	Prevailing horizontal visibility
020061	0	0	12	m	Runway visual range (RVR)
020062	0	0	5	Code table	State of the ground (with or without snow)
020063	0	0	10	Code table	Special phenomena
020065	0	0	7	%	Snow cover
020066	3	0	8	m	Maximum diameter of hailstones
020067	3	0	9	m	Diameter of deposit
020070	0	0	7	Numeric	Minimum number of atmospherics
020071	0	0	4	Code table	Accuracy of fix and rate of atmospherics
020079	0	0	2	Code table	Snow or ice crystals indicator
020081	0	0	7	%	Cloud amount in segment
020082	0	0	7	%	Amount segment cloud free
020083	0	0	7	%	Amount of segment covered by scene
020085	0	0	4	Code table	General condition of runway
020086	0	0	4	Code table	Runway deposits
020087	0	0	4	Code table	Runway contamination
020088	3	0	12	m	Depth of runway deposits
020089	0	0	7	Code table	Runway friction coefficient
020090	0	0	4	Code table	Special clouds
020091	-2	0	10	ft	Vertical visibility
020092	-2	0	10	ft	Height of base of cloud
020093	-1	0	8	m	Height of inversion
020095	3	0	10	Numeric	Ice probability
020096	2	-4096	13	dB	Ice age ("A" parameter)
020101	0	0	4	Code table	Locust (acridian) name
020102	0	0	4	Code table	Locust (maturity) colour
020103	0	0	4	Code table	Stage of development of locusts
020104	0	0	4	Code table	Organization state of swarm or band of locusts
020105	0	0	4	Code table	Size of swarm or band of locusts and duration of passage of swarm
020106	0	0	4	Code table	Locust population density
020107	0	0	4	Code table	Direction of movements of locust swarm
020108	0	0	4	Code table	Extent of vegetation
020111	-1	0	17	m	x-axis error ellipse major component
020112	-1	0	17	m	y-axis error ellipse minor component
020113	-1	0	17	m	z-axis error ellipse component
020114	2	-18000	16	deg	Angle of x-axis in error ellipse
020115	2	-18000	16	deg	Angle of z-axis in error ellipse
020116	0	0	16	m	Emission height of cloud stroke
020117	-1	-32000	16	A	Amplitude of lightning strike
020118	0	0	19	m	Lightning detection error
020119	0	0	2	Code table	Lightning discharge polarity
020121	3	0	16	V	Threshold value for polarity decision
020122	0	0	16	A	Threshold value for polarity decision
020123	3	0	16	V/m	Minimum threshold for detection
020124	0	0	2	Code table	Lightning stroke or flash
020126	0	0	23	/h	Lightning rate of discharge
020127	-3	0	8	m	Lightning - distance from station
020128	1	0	12	degree true	Lightning - direction from station
020129	6	0	10	m-2	Lightning density (stroke, flash or event)
020130	0	0	10	Numeric	Cloud hydrometeor concentration
020131	5	0	6	m	Effective radius of cloud hydrometeors
020132	5	0	11	kg m-3	Cloud liquid water content
020133	5	0	6	m	Hydrometeor radius
020135	1	0	10	kg/m	Ice mass (on a rod)
020136	0	0	9	Code table	Supplementary cloud type
020137	0	0	4	Code table	Evolution of clouds
020138	0	0	4	Code table	Road surface condition
020139	0	0	4	Code table	Final cloud model assumption
020140	0	0	30	m2	Lightning area
020141	19	0	30	J	Lightning energy
020142	0	0	7	%	Lightning detection efficiency
020143	0	0	2	Code table	Liquid cloud
021001	0	-64	7	dB	Horizontal reflectivity
021002	0	-64	7	dB	Vertical reflectivity
021003	1	-5	7	dB	Differential reflectivity
021004	2	-800	11	dB	Differential reflectivity
021005	0	-65	6	dB	Linear depolarization ratio
021006	0	-65	6	dB	Circular depolarization ratio
021007	2	-9000	15	dB	Radar reflectivity factor
021008	2	0	13	dB	Uncertainty in radar reflectivity factor
021009	2	-10000	15	m/s	Vertical Doppler velocity
021010	2	-10000	15	m/s	Uncertainty in vertical Doppler velocity
021011	0	-128	8	m/s	Doppler mean velocity in x-direction
021012	0	-128	8	m/s	Doppler mean velocity in y-direction
021013	0	-128	8	m/s	Doppler mean velocity in z-direction
021014	1	-4096	13	m/s	Doppler mean velocity (radial)
021017	1	0	8	m/s	Doppler velocity spectral width
021018	1	0	10	m/s	Extended NYQUIST velocity
021019	1	0	10	m/s	High NYQUIST velocity
021020	3	-65536	17	Numeric	Dynamic atmospheric correction
021021	-3	0	4	m	Echo tops
021022	1	0	14	m	Range bin offset
021023	0	0	14	m	Range bin size
021024	1	0	12	deg	Azimuth offset
021025	1	0	8	deg	Azimuthal resolution
021026	0	0	3	Code table	ASCAT sigma-0 usability
021027	4	0	14	Numeric	Land contribution ratio
021028	1	0	12	deg	Differential phase
021029	2	-100	8	Numeric	Cross-polarization correlation coefficient
021030	0	-32	8	dB	Signal to noise ratio
021031	0	0	7	kg m-2	Vertically integrated liquid-water content
021034	0	0	16	Flag table	Backscatter flag
021036	7	0	12	m/s	Radar rainfall intensity
021037	2	-80	7	dB/deg	Slope
021038	4	-6000	14	dB/deg2	Curvature
021041	-2	0	8	m	Bright-band height
021049	0	0	16	Numeric	Amplitude of echo (digitizer counts)
021050	3	0	16	s	Decay time for echo to fall to half of its peak amplitude
021051	0	-256	8	dB	Signal power above 1 mW
021062	2	-5000	13	dB	Backscatter
021063	1	0	10	%	Radiometric resolution (noise value)
021064	0	0	8	Numeric	Clutter noise estimate
021065	0	-127	8	Numeric	Missing packet counter
021066	0	0	12	Flag table	Wave scatterometer product confidence data
021067	0	0	13	Flag table	Wind product confidence data
021068	0	0	8	Flag table	Radar altimeter product confidence data
021069	0	0	10	Flag table	SST product confidence data
021070	0	0	23	Flag table	SST product confidence data (SADIST-2)
021071	0	0	16	Numeric	Peakiness
021072	0	0	4	Flag table	Satellite altimeter calibration status
021073	0	0	9	Flag table	Satellite altimeter instrument mode
021075	0	0	8	Numeric	Image spectrum intensity
021076	0	0	3	Code table	Representation of intensities
021077	3	0	14	m	Altitude correction (ionosphere)
021078	3	0	9	m	Altitude correction (dry troposphere)
021079	3	2000	10	m	Altitude correction (wet troposphere)
021080	3	0	11	m	Altitude correction (calibration constant)
021081	3	0	10	m	Open loop correction (height-time loop)
021082	3	-3000	14	dB	Open loop correction (auto gain control)
021083	0	0	16	Numeric	Warm target calibration
021084	0	0	16	Numeric	Cold target calibration
021085	0	0	4	Numeric	ATSR sea-surface temperature across-track band number
021086	0	0	9	Numeric	Number of pixels in nadir only, average
021087	0	0	9	Numeric	Number of pixels in dual view, average
021088	2	-5000	13	dB	Wet backscatter
021091	0	-100	8	dB	Radar signal Doppler spectrum 0th moment
021092	0	-100	8	dB	RASS signal Doppler spectrum 0th moment, referring to RASS signal
021093	3	0	16	Numeric	Ku band peakiness
021094	3	0	16	Numeric	S band peakiness
021095	6	0	20	Numeric	Kp coefficient A
021096	6	0	20	Numeric	Kp coefficient B
021097	6	0	20	Numeric	Kp coefficient C
021101	0	0	3	Numeric	Number of vector ambiguities
021102	0	0	3	Numeric	Index of selected wind vector
021103	0	0	5	Numeric	Total number of sigma-0 measurements
021104	3	-30000	15	Numeric	Likelihood computed for solution
021105	2	-10000	14	dB	Normalized radar cross-section
021106	3	0	14	Numeric	Kp variance coefficient (alpha)
021107	8	0	16	Numeric	Kp variance coefficient (beta)
021109	0	0	17	Flag table	SEAWINDS wind vector cell quality
021110	0	0	6	Numeric	Number of inner-beam sigma-0 (forward of satellite)
021111	0	0	6	Numeric	Number of outer-beam sigma-0 (forward of satellite)
021112	0	0	6	Numeric	Number of inner-beam sigma-0 (aft of satellite)
021113	0	0	6	Numeric	Number of outer-beam sigma-0 (aft of satellite)
021114	3	-140000	18	dB	Kp variance coefficient (gamma)
021115	0	0	17	Flag table	SEAWINDS sigma-0 quality
021116	0	0	17	Flag table	SEAWINDS sigma-0 mode
021117	2	0	16	Numeric	Sigma-0 variance quality control
021118	2	-10000	14	dB	Attenuation correction on sigma-0
021119	0	0	6	Code table	Wind scatterometer geophysical model function
021120	3	0	10	Numeric	Probability of rain
021121	0	0	8	Numeric	SEAWINDS NOF rain index
021122	2	-10000	14	dB	Attenuation correction on sigma-0 (from tB)
021123	2	-30000	15	dB	SEAWINDS normalized radar cross-section
021128	0	0	8	Numeric	Number of valid points per second used to derive previous parameters
021130	6	0	28	Numeric	Spectrum total energy
021131	6	0	28	Numeric	Spectrum max energy
021132	3	0	19	deg	Direction of spectrum max on higher resolution grid
021133	3	0	29	m	Wavelength of spectrum max on higher resolution grid
021134	3	0	19	rad/m	Range resolution of cress covariance spectrum
021135	3	-524288	20	Numeric	Real part of cross spectra polar grid number of bins
021136	3	-524288	20	Numeric	Imaginary part of cross spectra polar grid number of bins
021137	2	-32768	16	dB	Ku band corrected ocean backscatter coefficient
021138	2	-32768	16	dB	Std Ku band corrected ocean backscatter coefficient
021139	2	-2048	12	dB	Ku band net instrumental correction for AGC
021140	2	-32768	16	dB	S band corrected ocean backscatter coefficient
021141	2	-32768	16	dB	Std S band corrected ocean backscatter coefficient
021142	2	-1024	11	dB	S band net instrumental correction for AGC
021143	2	-1073741824	31	dB	Ku band rain attenuation
021144	0	0	2	Flag table	Altimeter rain flag
021145	2	0	13	dB	Ku band automatic gain control
021146	2	0	8	dB	RMS Ku band automatic gain control
021147	0	0	5	Numeric	Number of valid points for Ku band automatic gain control
021148	0	0	9	Flag table	Trailing edge variation flag
021150	0	0	2	Code table	Beam co-location
021151	2	0	9	dB	Estimated error in sigma-0 at 40 degrees incidence angle
021152	2	-80	7	dB/deg	Slope at 40 degrees incidence angle
021153	2	-40	6	dB/deg	Estimated error in slope at 40 degrees incidence angle
021154	2	0	12	dB	Soil moisture sensitivity
021155	0	0	24	Flag table	Wind vector cell quality
021156	1	-4096	13	Numeric	Backscatter distance
021157	10	0	22	dB/m	Loss per unit length of atmosphere used
021158	0	0	2	Code table	ASCAT Kp estimate quality
021159	0	0	2	Code table	ASCAT sigma-0 usability
021160	3	0	10	Numeric	ASCAT use of synthetic data
021161	3	0	10	Numeric	ASCAT synthetic data quantity
021162	3	0	10	Numeric	ASCAT satellite orbit and attitude quality
021163	3	0	10	Numeric	ASCAT solar array reflection contamination
021164	3	0	10	Numeric	ASCAT telemetry presence and quality
021165	3	0	10	Numeric	ASCAT extrapolated reference function presence
021166	3	0	10	Numeric	Land fraction
021167	0	0	7	%	Subsurface scattering probability
021168	0	0	8	Code table	Scattering mechanism
021169	0	0	2	Code table	Ice presence indicator
021170	2	-32768	16	dB	C band corrected ocean backscatter coefficient
021171	2	-32768	16	dB	RMS C band corrected ocean backscatter coefficient
021172	2	-2048	12	dB	C band net instrumental correction for AGC
021173	2	0	13	dB	C band automatic gain control
021174	2	0	9	dB	RMS C band automatic gain control
021175	0	0	10	Numeric	Number of valid points for C band automatic gain control
021176	3	0	16	m	High frequency variability correction
021177	2	0	16	dB	Corrected OCOG backscatter coefficient
021178	2	0	16	dB	STD of 20 Hz OCOG backscatter coefficient
021179	0	0	16	Numeric	Number of 20 Hz valid points for OCOG backscatter coefficient
021180	0	0	8	Numeric	Number of 20 Hz valid points for ocean backscatter coefficient
021181	2	0	16	dB	20 Hz ocean backscatter coefficient
021182	3	0	16	Numeric	20 Hz Ku band peakiness
021183	2	-32768	16	dB	Specific band corrected ocean backscatter coefficient
021184	2	-32768	16	dB	STD specific band corrected ocean backscatter coefficient
021185	2	-2048	12	dB	Specific band net instrumental correction for AGC
021186	2	0	13	dB	Specific band automatic gain control
021187	2	0	8	dB	RMS specific band automatic gain control
021188	0	0	7	Numeric	Number of valid points for specific band automatic gain control
021189	2	-32768	16	dB	Corrected OCOG backscatter coefficient (negative reference)
021190	0	0	4	Numeric	Ambiguity index
022001	0	0	9	degree true	Direction of waves
022002	0	0	9	degree true	Direction of wind waves
022003	0	0	9	degree true	Direction of swell waves
022004	0	0	9	degree true	Direction of current
022005	0	0	9	degree true	Direction of sea-surface current
022011	0	0	6	s	Period of waves
022012	0	0	6	s	Period of wind waves
022013	0	0	6	s	Period of swell waves
022021	1	0	10	m	Height of waves
022022	1	0	10	m	Height of wind waves
022023	1	0	10	m	Height of swell waves
022025	2	0	10	m	Standard deviation wave height
022026	2	0	10	m	Standard deviation of significant wave height
022031	2	0	13	m/s	Speed of current
022032	2	0	13	m/s	Speed of sea-surface current
022035	2	0	14	m	Tidal elevation with respect to local chart datum
022036	2	0	14	m	Meteorological residual tidal elevation (surge or offset)
022037	3	-10000	15	m	Tidal elevation with respect to national land datum
022038	3	-10000	15	m	Tidal elevation with respect to local chart datum
022039	3	-5000	13	m	Meteorological residual tidal elevation (surge or offset)
022040	3	-5000	14	m	Meteorological residual tidal elevation (surge or offset)
022041	1	0	12	K	Sea-surface temperature (15-day running mean)
022042	1	0	12	K	Sea/water temperature
022043	2	0	15	K	Sea/water temperature
022044	1	0	14	m/s	Sound velocity
022045	3	0	19	K	Sea/water temperature
022046	2	0	7	Numeric	Sea-ice fraction
022049	2	0	15	K	Sea-surface temperature
022050	2	0	8	K	Standard deviation sea-surface temperature
022055	0	0	10	Numeric	Float cycle number
022056	0	0	2	Code table	Direction of profile
022059	2	0	14	0/00	Sea-surface salinity
022060	0	0	3	Code table	Lagrangian drifter drogue status
022061	0	0	4	Code table	State of the sea
022062	2	0	14	0/00	Salinity
022063	0	0	14	m	Total water depth
022064	3	0	17	0/00	Salinity
022065	-3	0	17	Pa	Water pressure
022066	6	0	26	S/m	Water conductivity
022067	0	0	10	Code table	Instrument type for water temperature/salinity profile measurement
022068	0	0	7	Code table	Water temperature profile recorder types
022069	3	0	22	m2/Hz	Spectral wave density
022070	2	0	13	m	Significant wave height
022071	1	0	9	s	Spectral peak wave period
022072	0	0	13	m	Spectral peak wavelength
022073	2	0	13	m	Maximum wave height
022074	1	0	9	s	Average wave period
022075	0	0	13	m	Average wavelength
022076	0	0	9	degree true	Direction from which dominant waves are coming
022077	0	0	9	deg	Directional spread of dominant wave
022078	0	0	12	s	Duration of wave record
022079	0	0	16	m	Length of wave record
022080	3	0	10	Hz	Waveband central frequency
022081	5	0	13	/m	Waveband central wave number
022082	2	0	20	m2 s	Maximum non-directional spectral wave density
022083	2	0	20	m3	Maximum non-directional spectral wave number
022084	0	0	7	Numeric	Band containing maximum non-directional spectral wave density
022085	0	0	7	Numeric	Spectral wave density ratio
022086	0	0	9	degree true	Mean direction from which waves are coming
022087	0	0	9	degree true	Principal direction from which waves are coming
022088	2	0	7	Numeric	First normalized polar coordinate from Fourier coefficients
022089	2	0	7	Numeric	Second normalized polar coordinate from Fourier coefficients
022090	2	0	20	m2 s	Non-directional spectral estimate by wave frequency
022091	2	0	20	m3	Non-directional spectral estimate by wave number
022092	2	0	20	m2 rad-1 s	Directional spectral estimate by wave frequency
022093	2	0	20	m4	Directional spectral estimate by wave number
022094	0	0	7	Numeric	Total number of wave bands
022095	0	0	8	deg	Directional spread of individual waves
022096	3	0	4	/s	Spectral band width
022097	0	0	14	m	Mean wavelength > 731 m of image spectrum at low wave numbers
022098	0	0	14	m	Wavelength spread (wavelength > 731 m) at low wave numbers
022099	0	0	9	degree true	Mean direction at low wave numbers (wavelength > 731 m)
022100	0	0	9	deg	Direction spread at low wave numbers (wavelength > 731 m)
022101	0	0	31	Numeric	Total energy (wavelength > 731m) at low wave numbers
022102	0	0	14	m2 s	Scaled maximum non-directional spectral wave density by frequency
022103	0	0	14	m3	Scaled maximum non-directional spectral wave density by wave number
022104	0	0	14	m2 s	Scaled non-directional spectral wave density by frequency
022105	0	0	14	m3	Scaled non-directional spectral wave density by wave number
022106	0	0	14	m2 s rad-1	Scaled directional spectral wave density by frequency
022107	0	0	14	m4	Scaled directional spectral wave density by wave number
022108	0	0	7	%	Spectral wave density ratio
022120	0	0	5	Code table	Tide station automated water level check
022121	0	0	5	Code table	Tide station manual water level check
022122	0	0	5	Code table	Tide station automated meteorological data check
022123	0	0	5	Code table	Tide station manual meteorological data check
022130	0	0	10	Numeric	Number of valid points for specific band
022131	3	0	16	m	RMS specific band significant wave height
022132	0	0	10	Numeric	Number of valid points for specific band significant wave height
022133	3	-1000	11	m	Specific band net instrument correction for significant wave height
022134	0	0	10	Numeric	Number of valid points for specific band backscatter
022141	2	0	15	K	Sea-surface temperature (15-day running mean)
022142	3	-33554432	26	m2	Square of significant wave height
022143	3	-8388608	24	m2	STD of 20 Hz SWH squared
022144	0	0	9	Numeric	Number of 20 Hz valid points for SWH squared
022145	3	-33554432	31	m	STD of 20 Hz ocean range
022146	3	0	31	m	OCOG range
022147	3	-8388608	31	m	STD of 20 Hz OCOG range
022148	0	0	9	Numeric	Number of 20 Hz valid points for ocean range
022149	3	-33554432	26	m2	20 Hz significant wave height squared
022150	0	0	10	Numeric	Number of 18 Hz valid points for Ku band
022151	3	0	31	m	Ku band ocean range
022152	3	0	16	m	STD of 18 Hz Ku band ocean range
022153	0	0	10	Numeric	Number of 18 Hz valid points for S band
022154	3	0	31	m	S band ocean range
022155	3	0	16	m	STD of 18 Hz S band ocean range
022156	3	0	16	m	Ku band significant wave height
022157	3	0	16	m	STD of 18 Hz Ku band ocean range
022158	3	0	16	m	S band significant wave height
022159	3	0	16	m	STD of 18 Hz S band significant wave height
022160	6	0	21	Numeric	Normalized inverse wave age
022161	4	0	27	m4	Wave spectra
022162	3	0	16	m	RMS of 20 Hz Ku band ocean range
022163	0	0	10	Numeric	Number of 20 Hz valid points for Ku band
022164	3	0	16	m	RMS 20 Hz Ku band significant wave height
022165	0	0	10	Numeric	Number of 20 Hz valid points for Ku band significant wave height
022166	3	-1000	11	m	Ku band net instrumental correction for significant wave height
022167	0	0	10	Numeric	Number of valid points for Ku band backscatter
022168	3	0	31	m	C band ocean range
022169	3	0	16	m	RMS of C band ocean range
022170	0	0	10	Numeric	Number of 20 Hz valid points for C band
022171	3	0	16	m	C band significant wave height
022172	3	0	16	m	RMS 20 Hz C band significant wave height
022173	0	0	10	Numeric	Number of 20 Hz valid points for C band significant wave height
022174	3	-1000	11	m	C band net instrumental correction for significant wave height
022175	0	0	10	Numeric	Number of valid points for C band backscatter
022177	0	0	6	m	Height of XBT/XCTD launcher
022178	0	0	8	Code table	XBT/XCTD launcher type
022179	3	-500	16	m	Specific band significant wave height (negative reference)
022182	3	0	23	m	Water column height
022184	3	-2000	12	m	Water column height deviation from the reference value
022185	0	0	10	Numeric	BPR transmission count
022186	0	0	9	degree true	Direction from which waves are coming
022187	0	0	9	deg	Directional spread of wave
022188	3	0	19	umol/kg	Dissolved oxygen
022189	3	0	31	m	Specific band ocean range
022190	3	0	16	m	Specific band significant wave height
022191	4	0	16	m	RMS of specific band ocean range
023001	0	0	3	Code table	Accident early notification - article applicable
023002	0	0	5	Code table	Activity or facility involved in incident
023003	0	0	3	Code table	Type of release
023004	0	0	3	Code table	Countermeasures taken near border
023005	0	0	2	Code table	Cause of incident
023006	0	0	3	Code table	Incident situation
023007	0	0	3	Code table	Characteristics of release
023008	0	0	2	Code table	State of current release
023009	0	0	2	Code table	State of expected release
023016	0	0	2	Code table	Possibility of significant chemical toxic health effect
023017	6	0	20	m3/s	Flow discharge of major recipient
023018	0	0	3	Code table	Release behaviour over time
023019	0	-15000	17	m	Actual release height
023021	0	-15000	17	m	Effective release height
023022	0	0	24	m	Distance of release point or site of incident
023023	1	0	12	m/s	Main transport speed in the atmosphere
023024	2	0	13	m/s	Main transport speed in water
023025	2	0	13	m/s	Main transport speed in ground water
023027	0	0	9	degree true	Main transport direction in the atmosphere
023028	0	0	9	degree true	Main transport direction in water
023029	0	0	9	degree true	Main transport direction in ground water
023031	0	0	2	Code table	Possibility that plume will encounter precipitation in State in which incident occurred
023032	0	0	2	Code table	Plume will encounter change in wind direction and/or speed flag
023040	1	0	22	m3/s	Flow discharge - river
023041	3	0	16	m3/s	Flow discharge - well
024001	-11	0	28	Bq	Estimate of amount of radioactivity released up to specified time
024002	-11	0	28	Bq	Estimated maximum potential release
024003	0	0	5	Code table	Composition of release
024004	0	0	16	CCITT IA5	Element name
024005	0	0	9	Numeric	Isotope mass
024011	2	0	32	mSv	Dose
024012	2	0	32	mSv	Trajectory dose (defined location and expected time of arrival)
024013	2	0	32	mSv	Gamma dose in air along the main transport path (defined location and time period)
024014	1	0	14	nSv/h	Gamma radiation dose rate
024021	2	0	32	Bq m-3	Air concentration (of named isotope type including gross beta)
024022	2	0	32	Bq/l	Concentration in precipitation (of named isotope type)
024023	1	0	14	/s	Pulse rate of beta radiation
024024	1	0	14	/s	Pulse rate of gamma radiation
025001	-1	0	6	m	Range-gate length
025002	0	0	4	Numeric	Number of gates averaged
025003	0	0	8	Numeric	Number of integrated pulses
025004	0	0	2	Code table	Echo processing
025005	0	0	2	Code table	Echo integration
025006	0	0	3	Code table	Z to R conversion
025007	0	0	12	Numeric	Z to R conversion factor
025008	2	0	9	Numeric	Z to R conversion exponent
025009	0	0	4	Flag table	Calibration method
025010	0	0	4	Code table	Clutter treatment
025011	0	0	2	Code table	Ground occultation correction (screening)
025012	0	0	2	Code table	Range attenuation correction
025013	0	0	2	Flag table	Bright-band correction
025014	0	0	12	Numeric	Azimuth clutter cut-off
025015	0	0	2	Flag table	Radome attenuation correction
025016	5	0	6	dB/m	Clear-air attenuation correction
025017	0	0	2	Flag table	Precipitation attenuation correction
025018	7	0	6	Numeric	A to Z law for attenuation factor
025019	2	0	7	Numeric	A to Z law for attenuation exponent
025020	0	0	2	Code table	Mean speed estimation
025021	0	0	8	Flag table	Wind computation enhancement
025022	0	0	9	Flag table	GHRSST rejection flag
025023	0	0	9	Flag table	GHRSST confidence flag
025024	0	0	4	Code table	GHRSST data quality
025025	1	0	9	V	Battery voltage
025026	1	0	12	V	Battery voltage (large range)
025028	1	-16384	15	Numeric	Operator or manufacturer defined parameter
025029	0	0	6	Flag table	Calibration method
025030	0	0	2	Code table	Running mean sea-surface temperature usage
025031	0	0	3	Code table	NWP-generated vertical profile thinning method
025032	0	0	2	Code table	Wind profiler mode information
025033	0	0	2	Code table	Wind profiler submode information
025034	0	0	4	Flag table	Wind profiler quality control test results
025035	0	0	3	Code table	Decision method for polarity
025036	0	0	4	Code table	Atmospherics location method
025037	2	-127	8	K	SST bias
025038	1	-127	8	K	Difference between SST and analysis
025039	5	0	16	dB/deg2	Noise curvature
025040	0	0	4	Code table	CO2 wind product derivation
025041	0	0	2	Code table	Moving platform direction reporting method
025042	0	0	2	Code table	Moving platform speed reporting method
025043	4	0	15	s	Wave sampling interval (time)
025044	2	0	14	m	Wave sampling interval (space)
025045	0	0	21	Flag table	HIRS channel combination
025046	0	0	5	Flag table	MSU channel combination
025047	0	0	4	Flag table	SSU channel combination
025048	0	0	16	Flag table	AMSU-A channel combination
025049	0	0	6	Flag table	AMSU-B channel combination
025050	4	-131072	18	Numeric	Principal component score
025051	0	0	7	Flag table	AVHRR channel combination
025052	4	0	15	Numeric	Log10 of principal components normalized fit to data
025053	0	0	12	Flag table	Observation quality
025054	0	0	5	Numeric	SSMIS subframe ID number
025055	2	0	16	K	Multiplexer housekeeping
025056	4	0	14	Numeric	Normalized error estimate in backscatter measurement (Kp)
025060	0	0	14	Numeric	Software identification
025061	0	0	96	CCITT IA5	Software identification and version number
025062	0	0	14	Numeric	Database identification
025063	0	0	8	Code table	Central processor or system identifier
025065	2	-1000	11	deg	Orientation correction (azimuth)
025066	2	-1000	11	deg	Orientation correction (elevation)
025067	0	-8000	14	Pa	Radiosonde release point pressure correction
025068	0	0	7	Numeric	Number of archive recomputes
025069	0	0	8	Flag table	Flight level pressure corrections
025070	0	0	4	Numeric	Major frame count
025071	0	0	5	Numeric	Frame count
025075	0	0	5	Numeric	Satellite antenna corrections version number
025076	8	0	30	log (m-1)	Log10 of (temperature-radiance central wave number) for ATOVS
025077	5	-100000	18	Numeric	Bandwidth correction coefficient 1
025078	5	0	17	Numeric	Bandwidth correction coefficient 2
025079	4	0	24	W m-2	Albedo-radiance solar filtered irradiance for ATOVS
025080	10	0	14	m	Albedo-radiance equivalent filter width for ATOVS
025081	3	0	17	deg	Incidence angle
025082	3	0	19	deg	Azimuth angle
025083	3	0	19	deg	Faraday rotational angle
025084	5	0	26	deg	Geometric rotational angle
025085	0	0	7	Numeric	Fraction of clear pixels in HIRS FOV
025086	0	0	2	Code table	Depth correction indicator
025090	0	0	4	Code table	Orbit state flag
025091	3	-18192	13	dB	Structure constant of the refraction index (Cn2)
025092	2	28000	14	m/s	Acoustic propagation velocity
025093	0	0	8	Flag table	RASS computation correction
025095	0	0	2	Flag table	Altimeter state flag
025096	0	0	5	Flag table	Radiometer state flag
025097	0	0	4	Code table	Three-dimensional error estimate of the navigator orbit
025098	0	0	9	Flag table	Altimeter data quality flag
025099	0	0	9	Flag table	Altimeter correction quality flag
025100	5	0	20	Numeric	XBT/XCTD fall rate equation coefficient a
025101	5	-500000	21	Numeric	XBT/XCTD fall rate equation coefficient b
025102	0	0	8	Numeric	Number of missing lines excluding data gaps
025103	0	0	8	Numeric	Number of directional bins
025104	0	0	8	Numeric	Number of wavelength bins
025105	3	0	19	deg	First directional bin
025106	3	0	19	deg	Directional bin step
025107	3	0	29	m	First wavelength bin
025108	3	0	29	m	Last wavelength bin
025110	0	0	10	Flag table	Image processing summary
025111	0	0	8	Numeric	Number of input data gaps
025112	0	0	9	Flag table	Band specific altimeter data quality flag
025113	0	0	9	Flag table	Band specific altimeter correction quality flag
025120	0	0	2	Code table	RA2-L2-processing flag
025121	0	0	7	%	RA2-L2-processing quality
025122	0	0	2	Code table	Hardware configuration for RF
025123	0	0	2	Code table	Hardware configuration for HPA
025124	0	0	2	Code table	MWR-L2-processing flag
025125	0	0	7	%	MWR-L2-processing quality
025126	3	-32768	16	m	Model dry tropospheric correction
025127	3	-32768	16	m	Inverted barometer correction
025128	3	-32768	16	m	Model wet tropospheric correction
025129	3	-32768	16	m	MWR derived wet tropospheric correction
025130	3	-32768	16	m	RA2 ionospheric correction on Ku band
025131	3	-32768	16	m	Ionospheric correction from Doris on Ku band
025132	3	-32768	16	m	Ionospheric correction from model on Ku band
025133	3	-32768	16	m	Sea state bias correction on Ku band
025134	3	-32768	16	m	RA2 ionospheric correction on S band
025135	3	-32768	16	m	Ionospheric correction from Doris on S band
025136	3	-32768	16	m	Ionospheric correction from model on S band
025137	3	-32768	16	m	Sea state bias correction on S band
025138	0	-2048	12	Numeric	Average signal-to-noise ratio
025139	0	0	5	Numeric	Processing level
025140	0	0	14	Numeric	Start channel
025141	0	0	14	Numeric	End channel
025142	0	0	6	Numeric	Channel scale factor
025143	6	-5000000	24	Numeric	Linear coefficient
025144	0	0	6	Numeric	Number of visual channels used in processing
025145	0	0	6	Numeric	Number of infrared channels used in processing
025148	2	-10000	15	Numeric	Coefficient of variation
025149	0	0	8	Numeric	Optimal estimation cost
025150	0	0	4	Code table	Method of tropical cyclone intensity analysis using satellite data
025160	4	-120000	18	m	Ku band net instrumental correction
025161	4	-120000	18	m	C band net instrumental correction
025162	4	-6000	13	m	Sea state bias correction on C band
025163	3	-32768	16	m	Altimeter ionospheric correction on Ku band
025164	4	-5000	13	m	Radiometer wet tropospheric correction
025165	4	-32768	16	m	Ionospheric correction from model on specific band
025166	4	-32768	16	m	Sea state bias correction on specific band
025167	4	-120000	18	m	Specific band net instrumental correction
025170	0	0	10	s	Sampling interval (time)
025171	0	0	10	s	Sample averaging period
025172	0	0	10	Numeric	Number of samples
025174	0	0	14	Flag table	SMOS information flag
025175	2	0	13	Numeric	Modified residual
025180	2	0	16	%	LRM per cent
025181	0	0	2	Code table	L2 processing flag
025182	0	0	2	Code table	L1 processing flag
025183	2	0	14	%	L1 processing quality
025184	0	0	2	Code table	L2 product status
025185	0	0	8	Code table	Encryption method
025186	0	0	96	CCITT IA5	Encryption key version
025187	0	0	4	Code table	Confidence flag
025188	0	0	5	Code table	Method for reducing pressure to sea level
025189	0	1	9	m	Range cut-off wavelength
025190	0	0	8	Code table	Altimeter echo processing mode
025191	0	0	8	Code table	Altimeter tracking mode
026001	1	0	12	h	Principal time of daily reading in UTC of maximum temperature
026002	1	0	12	h	Principal time of daily reading in UTC of minimum temperature
026003	0	-1440	12	min	Time difference
026010	0	0	26	Flag table	Hours included
026020	0	0	11	min	Duration of precipitation
026021	0	0	12	a	Year
026022	0	0	4	mon	Month
026023	0	0	6	d	Day
026030	2	0	8	s	Measurement integration time
027001	5	-9000000	25	deg	Latitude (high accuracy)
027002	2	-9000	15	deg	Latitude (coarse accuracy)
027003	2	-9000	15	deg	Alternate latitude (coarse accuracy)
027004	5	-9000000	25	deg	Alternate latitude (high accuracy)
027010	-1	0	14	m	Footprint axis 1
027020	0	0	16	Numeric	Satellite location counter
027021	0	0	16	Numeric	Satellite sublocation dimension
027031	2	-1073741824	31	m	In direction of 0 degrees longitude, distance from the Earth's centre
027079	0	0	18	m	Horizontal width of sampled volume
027080	2	0	16	degree true	Viewing azimuth angle
028001	5	-18000000	26	deg	Longitude (high accuracy)
028002	2	-18000	16	deg	Longitude (coarse accuracy)
028003	2	-18000	16	deg	Alternate longitude (coarse accuracy)
028004	5	-18000000	26	deg	Alternate longitude (high accuracy)
028010	-1	0	14	m	Footprint axis 2
028031	2	-1073741824	31	m	In direction 90 degrees East, distance from the Earth's centre
029001	0	0	3	Code table	Projection type
029002	0	0	3	Code table	Coordinate grid type
029014	0	0	504	CCITT IA5	Optional list of parameters for an external map projection library
030001	0	0	4	Numeric	Pixel value (4 bits)
030002	0	0	8	Numeric	Pixel value (8 bits)
030004	0	0	16	Numeric	Pixel value (16 bits)
030010	0	0	13	Numeric	Number of grid points
030021	0	0	12	Numeric	Number of pixels per row
030022	0	0	12	Numeric	Number of pixels per column
030031	0	0	4	Code table	Picture type
030032	0	0	16	Flag table	Combination with other data
030033	0	0	12	Numeric	Number of bins along the radial
030034	0	0	12	Numeric	Number of azimuths
031000	0	0	1	Numeric	Short delayed descriptor replication factor
031001	0	0	8	Numeric	Delayed descriptor replication factor
031002	0	0	16	Numeric	Extended delayed descriptor replication factor
031011	0	0	8	Numeric	Delayed descriptor and data repetition factor
031012	0	0	16	Numeric	Extended delayed descriptor and data repetition factor
031021	0	0	6	Code table	Associated field significance
031031	0	0	1	Flag table	Data present indicator
033002	0	0	2	Code table	Quality information
033003	0	0	3	Code table	Quality information
033005	0	0	30	Flag table	Quality information (AWS data)
033006	0	0	3	Code table	Internal measurement status information (AWS)
033007	0	0	7	%	Per cent confidence
033015	0	0	6	Code table	Data quality-check indicator
033020	0	0	3	Code table	Quality control indication of following value
033021	0	0	2	Code table	Quality of following value
033022	0	0	2	Code table	Quality of buoy satellite transmission
033023	0	0	2	Code table	Quality of buoy location
033024	0	0	4	Code table	Station elevation quality mark (for mobile stations)
033025	0	0	3	Code table	ACARS interpolated values indicator
033026	0	0	6	Code table	Moisture quality
033027	0	0	3	Code table	Location quality class (range of radius of 66 % confidence)
033028	0	0	3	Code table	Snapshot overall quality
033030	0	0	24	Flag table	Scan line status flags for ATOVS
033031	0	0	24	Flag table	Scan line quality flags for ATOVS
033032	0	0	24	Flag table	Channel quality flags for ATOVS
033033	0	0	24	Flag table	Field of view quality flags for ATOVS
033035	0	0	4	Code table	Manual/automatic quality control
033036	0	0	7	%	Nominal confidence threshold
033037	0	0	20	Flag table	Wind correlation error
033038	0	0	10	Flag table	Quality flags for ground-based GNSS data
033039	0	0	16	Flag table	Quality flags for radio occultation data
033040	0	0	7	%	Confidence interval
033041	0	0	2	Code table	Attribute of following value
033042	0	0	3	Code table	Type of limit represented by following value
033043	0	0	8	Flag table	AST confidence
033044	0	0	15	Flag table	ASAR quality information
033045	0	0	7	%	Probability of following event
033046	0	0	7	%	Conditional probability of following event with respect to specified conditioning event
033047	0	0	31	Flag table	Measurement confidence data
033048	0	0	2	Code table	Confidence measure of SAR inversion
033049	0	0	2	Code table	Confidence measure of wind retrieval
033050	0	0	4	Code table	Global GTSPP quality flag
033052	0	0	21	Flag table	S band ocean retracking quality
033053	0	0	21	Flag table	Ku band ocean retracking quality
033054	0	0	3	Code table	Overall quality of retrieved atmospheric profile
033055	0	0	24	Flag table	Wind vector quality flag
033056	0	0	24	Flag table	Sigma-0 quality flag
033057	0	0	16	Flag table	SCAT L2 applied correction flag
033058	0	0	16	Flag table	SCAT L2 flag cause missing data
033059	0	0	16	Flag table	SCAT L2 threshold flag
033060	0	0	2	Code table	GqisFlagQual - individual IASI-System quality flag
033061	0	0	7	%	GqisQualIndex - indicator for instrument noise performance (contributions from spectral and radiometric calibration)
033062	0	0	7	%	GqisQualIndexLoc - indicator for geometric quality index
033063	0	0	7	%	GqisQualIndexRad - indicator for instrument noise performance (contributions from radiometric calibration)
033064	0	0	7	%	GqisQualIndexSpect - indicator for instrument noise performance (contributions from spectral calibration)
033065	0	0	24	Numeric	GqisSysTecSondQual - output of system TEC (Technical Expertise Centre) quality function
033066	0	0	24	Flag table	AMV quality flag
033070	0	0	4	Code table	Total ozone quality
033071	0	0	4	Code table	Profile ozone quality
033072	0	0	5	Code table	Ozone error
033075	0	0	13	Flag table	Scan-level quality flags
033076	0	0	9	Flag table	Calibration quality flags
033077	0	0	19	Flag table	Field-of-view quality flags
033078	0	0	4	Code table	Geolocation quality
033079	0	0	16	Flag table	Granule level quality flags
033080	0	0	20	Flag table	Scan level quality flags
033081	0	0	12	Flag table	Channel data quality flags
033082	0	0	16	Flag table	Geolocation quality flags
033083	0	0	16	Flag table	Radiance data quality flags
033084	0	0	16	Flag table	Pixel level quality flags
033085	0	0	18	Flag table	Aerosol optical thickness quality flags
033086	0	0	3	Code table	Quality of pixel level retrieval
033087	0	0	4	Code table	Extent of satellite within South Atlantic anomaly (based on climatological data)
033088	0	0	18	Flag table	Ozone total column quality flag
033089	2	0	12	K	Noise equivalent delta temperature (NEdT) quality indicators for warm target calibration
033090	2	0	12	K	NEdT quality indicators for cold target calibration
033091	2	0	12	K	NEdT quality indicators for overall calibration
033092	0	0	9	Flag table	Band specific ocean quality flag
033093	0	0	31	Flag table	Extended quality flags for ground-based GNSS data
033094	0	0	24	Flag table	Calibration quality control flags
033095	0	0	8	Flag table	MWI temperatures flag
033096	0	0	16	Flag table	MWI calibration flag
033097	0	0	16	Flag table	MWI scan quality flag
033098	0	0	9	Flag table	MWI data quality flag
033099	0	0	16	Flag table	MWI navigation status flag
033100	0	0	8	Flag table	ICI temperatures flag
033101	0	0	16	Flag table	ICI calibration flag
033102	0	0	16	Flag table	ICI scan quality flag
033103	0	0	9	Flag table	ICI data quality flag
033104	0	0	16	Flag table	ICI navigation status flag
033105	0	0	16	Flag table	ICI processing flags
033106	0	0	16	Flag table	MWI processing flags
033107	0	0	16	Flag table	MWS scan line processing flags
033108	0	0	16	Flag table	MWS navigation status flags
033109	0	0	16	Flag table	MWS overall quality flags
033110	0	0	9	Flag table	MWS channel processing flags
033111	0	0	32	Flag table	SCA quality flags
033112	2	-18000	16	deg	Faraday rotation angle (one way)
033113	0	0	16	Flag table	IASI-NG general quality flags
033114	0	0	17	Flag table	Out of bounds check
033115	0	0	5	Code table	Aerosol optical depth quality information
033116	0	0	17	Flag table	First guess in bounds check
033117	0	0	17	Flag table	In bounds check
033118	2	-10000	15	%	Relative error percentage
033119	0	-100	8	%	Forecast error percentage
033120	0	0	14	Flag table	IRS spatial quality
033121	0	0	5	Flag table	IRS detector quality
033122	2	0	10	dB	Estimated error in backscatter
033123	3	-40	6	dB/deg	Estimated error in slope
035000	0	0	10	Code table	FM and regional code number
035001	0	0	3	Code table	Time frame for monitoring
035011	0	0	14	Numeric	Number of reports actually received
035021	0	0	48	CCITT IA5	Bulletin being monitored (TTAAii)
035022	0	0	48	CCITT IA5	Bulletin being monitored (YYGGgg)
035023	0	0	32	CCITT IA5	Bulletin being monitored (CCCC)
035024	0	0	24	CCITT IA5	Bulletin being monitored (BBB)
035030	0	0	4	Code table	Discrepancies in the availability of expected data
035031	0	0	7	Code table	Qualifier on monitoring results
035032	0	0	4	Code table	Cause of missing data
035033	0	0	7	Code table	Observation and collection deficiencies
035034	0	0	3	Code table	Statistical trends for availability of data (during the survey period(s))
035035	0	0	5	Code table	Reason for termination
040001	1	0	10	%	Surface soil moisture (ms)
040002	1	0	10	%	Estimated error in surface soil moisture
040003	3	0	10	Numeric	Mean surface soil moisture
040004	3	0	10	Numeric	Rain fall detection
040005	0	0	8	Flag table	Soil moisture correction flag
040006	0	0	16	Flag table	Soil moisture processing flag
040007	1	0	10	%	Soil moisture quality
040008	1	0	10	%	Frozen land surface fraction
040009	1	0	10	%	Inundation and wetland fraction
040010	1	0	10	%	Topographic complexity
040011	0	0	8	Flag table	Interpolation flag
040012	0	0	8	Flag table	Radiometer data quality flag
040013	0	0	3	Code table	Radiometer brightness temperature interpretation flag
040014	4	-3000	13	m	High-frequency fluctuations of the sea-surface topography correction
040015	2	-100	8	Numeric	Normalized differential vegetation index (NDVI)
040016	3	0	14	Numeric	Residual RMS in band
040017	0	-1073741824	31	Numeric	Non-normalized principal component score
040018	6	0	24	W m-2 sr-1 m	GIacAvgImagIIS - average of imager measurements
040019	6	0	24	W m-2 sr-1 m	GIacVarImagIIS - variance of imager measurements
040020	0	0	17	Flag table	GqisFlagQualDetailed - quality flag for the system
040021	0	0	7	%	Fraction of weighted AVHRR pixel in IASI FOV covered with snow/ice
040022	0	0	7	Numeric	Number of missing, bad or failed AVHRR pixels
040023	0	0	5	Flag table	Auxiliary altimeter state flags
040024	0	0	3	Code table	Meteorological map availability
040025	0	0	2	Code table	Interpolation flag for mean diurnal tide
040026	2	0	16	Numeric	Score quantization factor
040027	2	-18000	16	deg	Sun glint angle
040028	0	0	4	Code table	GMI quality flag
040029	0	0	26	m	Horizontal observation integration length
040030	2	-32767	16	m/s	Horizontal line of sight wind
040031	2	0	15	m/s	Error estimate of horizontal line of sight wind
040032	3	-100000	18	m s-1 Pa-1	Derivative wind to pressure
040033	3	-100000	18	m s-1 K-1	Derivative wind to temperature
040034	3	-200000	19	m/s	Derivative wind to backscatter ratio
040035	0	380000	18	m	Satellite range
040036	0	0	4	Code table	Lidar L2b classification type
040037	3	500	20	Numeric	Backscatter ratio
040038	7	0	28	m	Cloud particle size
040039	0	-25	5	Numeric	Single look complex image intensity
040040	2	1	13	Numeric	Single look complex image skewness
040041	2	1	13	Numeric	Single look complex image kurtosis
040042	2	1	13	Numeric	Single look complex image variance
040043	0	0	3	Code table	Satellite manoeuvre indicator
040044	1	0	8	Numeric	Dust index
040045	0	0	5	Flag table	Cloud formation and height assignment
040046	0	0	3	Code table	Cloudiness summary
040047	0	0	3	Code table	Validation flag for IASI or IASI-NG level 1 product
040048	0	0	3	Code table	Validation flag of AMSU-A level 1 data flow
040049	0	0	16	Flag table	Cloud tests executed and results
040050	0	0	8	Flag table	Retrieval initialisation
040051	0	0	3	Code table	Convergence of the iterative retrieval
040052	0	0	8	Flag table	Indication of super-adiabatic and super-saturation in final retrieval
040053	0	0	8	Numeric	Number of iterations used for retrieval
040054	0	0	13	Flag table	Potential processing and inputs errors
040055	0	0	21	Flag table	Diagnostics on the retrieval
040056	0	0	3	Code table	General retrieval quality
040057	0	0	31	Flag table	IASI level 2 retrieval flags
040058	0	0	8	Numeric	Number of vectors describing the characterization matrices
040059	0	0	8	Numeric	Number of layers actually retrieved
040060	0	0	8	Numeric	Number of profiles retrieved in scanline
040061	3	0	16	mol cm-2	Air partial columns on each retrieved layer
040062	10	0	16	mol cm-2	A priori partial columns on each retrieved layer
040063	5	0	26	Numeric	Scaling vector multiplying the a priori vector in order to define the retrieved vector
040064	6	0	31	Numeric	Main eigenvalues of the sensitivity matrix
040065	6	-1000000000	31	Numeric	Main eigenvectors of the sensitivity matrix
040066	1	0	8	Numeric	Quality indicator for atmospheric water vapour
040067	1	0	8	Numeric	Quality indicator for atmospheric temperature
040068	0	0	4	Code table	General retrieval quality flag for SO2
040069	4	-1000000	21	K	PWLR estimated retrieval error for surface air temperature
040070	4	-1000000	21	K	PWLR estimated retrieval error of surface dewpoint
040071	4	-1000000	21	Numeric	Retrieval error covariance matrix for ozone in principal component domain
040072	1	0	8	Numeric	PWLR estimated retrieval quality indicator of atmospheric ozone
040073	1	0	8	K	PWLR estimated retrieval error of surface skin temperature
040074	0	0	16	Flag table	General interferometry quality flags
040075	0	0	21	Numeric	Retrieval error covariance matrix for humidity in principal component domain
040076	0	0	21	Numeric	Retrieval error covariance matrix for temperature in principal component domain
040077	0	0	8	Flag table	Ocean product quality flag
040078	1	0	27	m	Satellite range to first bin
040080	0	0	5	Flag table	Cloud test results for IASI-NG level 2
040081	0	0	31	Flag table	OLCI Level 1 classification and quality
041001	3	0	18	Pa	pCO2
041002	12	0	16	kg l-1	Fluorescence
041003	3	0	17	umol kg-1	Dissolved nitrates
041004	4	0	19	mg m-3	Chlorophyll-A
041005	2	0	12	NTU	Turbidity
041006	4	70000	15	Numeric	Seawater pH
041007	7	0	20	m-1	BBP700
042001	0	0	9	deg	Dominant swell wave direction of spectral partition
042002	1	0	9	m	Significant swell wave height of spectral partition
042003	2	100	17	m	Dominant swell wavelength of spectral partition
042004	0	0	4	Code table	Confidence of inversion for each partition of swell wave spectra
042005	5	-100000	18	Numeric	Ambiguity removal factor for swell wave partition
042006	2	1	8	Numeric	Wave age
042007	2	0	16	m	Shortest ocean wavelength on spectral resolution
042008	2	0	16	m	Nonlinear inverse spectral width
042009	0	0	8	Numeric	Bin partition reference
042010	0	1	4	Numeric	Partition number
042011	4	-20000	15	Numeric	a1 coefficient of the directional Fourier series
042012	4	-20000	15	Numeric	b1 coefficient of the directional Fourier series
042013	4	-20000	15	Numeric	a2 coefficient of the directional Fourier series
042014	4	-20000	15	Numeric	b2 coefficient of the directional Fourier series
042015	2	0	12	Numeric	Check factor K
042016	5	-10000000	24	kg m-3	Sea water potential density referenced to sea surface
042017	0	0	4	Code table	Quality flag of swell wave spectra
042018	0	0	4	Code table	Quality flag for each partition of swell wave spectra
